-- MySQL dump 10.16  Distrib 10.1.26-MariaDB, for debian-linux-gnu (x86_64)
--
-- Host: localhost    Database: eapi
-- ------------------------------------------------------
-- Server version	10.1.26-MariaDB-0+deb9u1

/*!40101 SET @OLD_CHARACTER_SET_CLIENT=@@CHARACTER_SET_CLIENT */;
/*!40101 SET @OLD_CHARACTER_SET_RESULTS=@@CHARACTER_SET_RESULTS */;
/*!40101 SET @OLD_COLLATION_CONNECTION=@@COLLATION_CONNECTION */;
/*!40101 SET NAMES utf8mb4 */;
/*!40103 SET @OLD_TIME_ZONE=@@TIME_ZONE */;
/*!40103 SET TIME_ZONE='+00:00' */;
/*!40014 SET @OLD_UNIQUE_CHECKS=@@UNIQUE_CHECKS, UNIQUE_CHECKS=0 */;
/*!40014 SET @OLD_FOREIGN_KEY_CHECKS=@@FOREIGN_KEY_CHECKS, FOREIGN_KEY_CHECKS=0 */;
/*!40101 SET @OLD_SQL_MODE=@@SQL_MODE, SQL_MODE='NO_AUTO_VALUE_ON_ZERO' */;
/*!40111 SET @OLD_SQL_NOTES=@@SQL_NOTES, SQL_NOTES=0 */;

--
-- Table structure for table `migrations`
--

DROP TABLE IF EXISTS `migrations`;
/*!40101 SET @saved_cs_client     = @@character_set_client */;
/*!40101 SET character_set_client = utf8 */;
CREATE TABLE `migrations` (
  `id` int(10) unsigned NOT NULL AUTO_INCREMENT,
  `migration` varchar(191) COLLATE utf8mb4_unicode_ci NOT NULL,
  `batch` int(11) NOT NULL,
  PRIMARY KEY (`id`)
) ENGINE=InnoDB AUTO_INCREMENT=5 DEFAULT CHARSET=utf8mb4 COLLATE=utf8mb4_unicode_ci;
/*!40101 SET character_set_client = @saved_cs_client */;

--
-- Dumping data for table `migrations`
--

LOCK TABLES `migrations` WRITE;
/*!40000 ALTER TABLE `migrations` DISABLE KEYS */;
INSERT INTO `migrations` VALUES (1,'2014_10_12_000000_create_users_table',1),(2,'2014_10_12_100000_create_password_resets_table',1),(3,'2018_09_10_123612_create_products_table',1),(4,'2018_09_10_123637_create_reviews_table',1);
/*!40000 ALTER TABLE `migrations` ENABLE KEYS */;
UNLOCK TABLES;

--
-- Table structure for table `password_resets`
--

DROP TABLE IF EXISTS `password_resets`;
/*!40101 SET @saved_cs_client     = @@character_set_client */;
/*!40101 SET character_set_client = utf8 */;
CREATE TABLE `password_resets` (
  `email` varchar(191) COLLATE utf8mb4_unicode_ci NOT NULL,
  `token` varchar(191) COLLATE utf8mb4_unicode_ci NOT NULL,
  `created_at` timestamp NULL DEFAULT NULL,
  KEY `password_resets_email_index` (`email`)
) ENGINE=InnoDB DEFAULT CHARSET=utf8mb4 COLLATE=utf8mb4_unicode_ci;
/*!40101 SET character_set_client = @saved_cs_client */;

--
-- Dumping data for table `password_resets`
--

LOCK TABLES `password_resets` WRITE;
/*!40000 ALTER TABLE `password_resets` DISABLE KEYS */;
/*!40000 ALTER TABLE `password_resets` ENABLE KEYS */;
UNLOCK TABLES;

--
-- Table structure for table `products`
--

DROP TABLE IF EXISTS `products`;
/*!40101 SET @saved_cs_client     = @@character_set_client */;
/*!40101 SET character_set_client = utf8 */;
CREATE TABLE `products` (
  `id` int(10) unsigned NOT NULL AUTO_INCREMENT,
  `name` varchar(191) COLLATE utf8mb4_unicode_ci NOT NULL,
  `detail` text COLLATE utf8mb4_unicode_ci NOT NULL,
  `price` int(11) NOT NULL,
  `stock` int(11) NOT NULL,
  `discount` int(11) NOT NULL,
  `created_at` timestamp NULL DEFAULT NULL,
  `updated_at` timestamp NULL DEFAULT NULL,
  PRIMARY KEY (`id`)
) ENGINE=InnoDB AUTO_INCREMENT=101 DEFAULT CHARSET=utf8mb4 COLLATE=utf8mb4_unicode_ci;
/*!40101 SET character_set_client = @saved_cs_client */;

--
-- Dumping data for table `products`
--

LOCK TABLES `products` WRITE;
/*!40000 ALTER TABLE `products` DISABLE KEYS */;
INSERT INTO `products` VALUES (1,'aut','Alias qui et enim velit voluptatem. Tenetur voluptas praesentium qui incidunt dolorum. Aut beatae eum ea dolor blanditiis.',834,9,6,'2018-09-10 14:42:27','2018-09-10 14:42:27'),(2,'blanditiis','Molestiae ipsa quaerat voluptatem fugit. Aperiam est tenetur quisquam accusantium molestiae veritatis aut quia. Corrupti recusandae ad consequatur voluptatem dolor molestiae voluptas praesentium.',678,8,16,'2018-09-10 14:42:27','2018-09-10 14:42:27'),(3,'dignissimos','Quod ipsum exercitationem quas nostrum non. Blanditiis quia rerum laudantium libero. Numquam nulla id explicabo aut aliquid omnis.',197,3,28,'2018-09-10 14:42:27','2018-09-10 14:42:27'),(4,'hic','Autem ad qui quia quos quia voluptates. Placeat dolores perferendis autem numquam rerum aut. Modi corporis laboriosam praesentium corrupti.',478,5,27,'2018-09-10 14:42:27','2018-09-10 14:42:27'),(5,'nemo','Et officia sint est aspernatur aut optio. Laudantium voluptate dicta libero alias accusamus voluptatem.',693,0,13,'2018-09-10 14:42:28','2018-09-10 14:42:28'),(6,'voluptas','Eos facilis reiciendis et autem possimus. Totam molestiae eligendi nihil odit nemo expedita hic. Ab eligendi neque rerum saepe sed nihil. Consequatur quam vel qui sed tempora quo. In dignissimos sint omnis eius et voluptas quis.',936,8,23,'2018-09-10 14:42:28','2018-09-10 14:42:28'),(7,'vero','Qui nemo enim ab qui et. Quas amet ut aut excepturi est vel. Ipsum a vel alias occaecati.',310,5,29,'2018-09-10 14:42:28','2018-09-10 14:42:28'),(8,'quod','Eligendi modi eaque sit est. Neque et sed quia aliquam vitae ullam beatae. Voluptas facilis accusantium laboriosam provident officiis iste velit. Asperiores facere eos quia doloremque.',407,8,15,'2018-09-10 14:42:28','2018-09-10 14:42:28'),(9,'non','Vitae atque quo qui impedit dolores. At iusto reiciendis rerum aspernatur pariatur corrupti vitae corrupti. Occaecati sed sapiente neque sunt. Voluptatem excepturi minima est.',382,2,26,'2018-09-10 14:42:28','2018-09-10 14:42:28'),(10,'reiciendis','Minus in minus consequuntur optio labore dolorum consequatur. Eum perferendis eum necessitatibus quo dicta excepturi qui. Rem laudantium et labore et qui.',490,5,5,'2018-09-10 14:42:28','2018-09-10 14:42:28'),(11,'facere','Dignissimos provident qui ex voluptas. Dolores voluptatem soluta libero ut velit. Velit tempore consectetur ipsum aut sed cumque. Et ullam ratione reiciendis.',240,3,16,'2018-09-10 14:42:28','2018-09-10 14:42:28'),(12,'veniam','Sunt molestias eos et dicta iusto aut qui. Architecto eos voluptatem quisquam aut quam ipsum dolor. Aspernatur eum voluptas omnis repudiandae.',319,0,8,'2018-09-10 14:42:28','2018-09-10 14:42:28'),(13,'ipsa','Ut esse impedit esse et. Libero aspernatur in occaecati praesentium nesciunt ipsa nesciunt. Voluptas nesciunt quibusdam fugit harum. Consequatur esse deleniti cum quod eaque et.',836,4,17,'2018-09-10 14:42:28','2018-09-10 14:42:28'),(14,'sunt','Dolor quos nemo enim qui. Fugiat sit id voluptate nobis consequatur totam sit. Consequatur autem ex a ex labore facilis. Iusto deleniti ipsum corporis doloribus explicabo expedita error.',106,7,10,'2018-09-10 14:42:28','2018-09-10 14:42:28'),(15,'dolor','Laboriosam a quia sequi et quae aut a. Corrupti illo unde consequatur similique velit voluptatum. Ea fugit repudiandae veniam aliquam. Mollitia accusantium et et molestias quis laudantium.',334,9,29,'2018-09-10 14:42:28','2018-09-10 14:42:28'),(16,'impedit','Provident recusandae omnis ex at et. Omnis labore harum dolorum non quia ipsum nemo. Ut nulla sunt et est sapiente.',690,9,18,'2018-09-10 14:42:28','2018-09-10 14:42:28'),(17,'incidunt','Quas explicabo maxime maxime quo ducimus quidem deserunt. Nam ut ipsam aut et. Pariatur tenetur rerum deleniti. Non quam unde debitis tempore distinctio.',298,1,25,'2018-09-10 14:42:28','2018-09-10 14:42:28'),(18,'autem','Ipsum dolorum quas unde voluptatem voluptatem neque in. Asperiores dicta est quia autem. Exercitationem quisquam maxime et dicta. Sint necessitatibus quo distinctio amet molestiae voluptatem quia.',606,9,21,'2018-09-10 14:42:28','2018-09-10 14:42:28'),(19,'error','Quod reprehenderit facere adipisci quas. Fugit voluptas unde esse blanditiis. Hic consequatur excepturi minus reprehenderit. Aut dolorem consectetur cupiditate pariatur.',451,6,12,'2018-09-10 14:42:28','2018-09-10 14:42:28'),(20,'ut','Excepturi esse aut omnis quod. Aliquam modi architecto eos impedit sint. Illo vel ratione ipsum et quia asperiores non. Dolorem esse dolore aut molestiae.',534,2,12,'2018-09-10 14:42:28','2018-09-10 14:42:28'),(21,'voluptatem','Rem optio nihil repudiandae velit. Aliquid et odit aspernatur eveniet esse non. Eos fugiat id qui. Ad illo deserunt repellendus sunt reprehenderit quod.',309,8,23,'2018-09-10 14:42:28','2018-09-10 14:42:28'),(22,'ipsa','Impedit in eos est cupiditate sed. Neque quis est rerum dolor totam dolores voluptas. Ut aliquid incidunt voluptas incidunt itaque voluptatem. Qui veritatis nihil eos numquam quia.',530,9,6,'2018-09-10 14:42:29','2018-09-10 14:42:29'),(23,'ducimus','Et perferendis possimus iure fugiat. Quis natus labore quia architecto ut occaecati minima. Maxime maiores nisi error qui sit sed sunt minima. Voluptas ratione incidunt consequuntur fuga quis quaerat sed.',128,9,19,'2018-09-10 14:42:29','2018-09-10 14:42:29'),(24,'possimus','Et quam hic beatae dolore. Voluptas nihil enim cupiditate. Tempora et sint perferendis et dolor. Id reprehenderit voluptas sequi et quod.',359,0,10,'2018-09-10 14:42:29','2018-09-10 14:42:29'),(25,'quae','Vel esse facere optio facere. Itaque minima quas doloribus earum pariatur. Beatae hic quis aspernatur dolores soluta distinctio.',831,2,13,'2018-09-10 14:42:29','2018-09-10 14:42:29'),(26,'praesentium','Deserunt officiis unde distinctio ullam odio accusamus dolores et. Maxime minima possimus et accusamus maxime sapiente. Placeat velit cumque eum dolor in accusantium aut qui.',103,8,21,'2018-09-10 14:42:29','2018-09-10 14:42:29'),(27,'amet','Cum aut rerum minima fuga eaque. Aperiam repellat ut dolorum numquam dolores. Ducimus id rerum ex omnis omnis. Voluptate consequatur quae dicta nihil cumque provident aut. Fugit cum blanditiis necessitatibus laboriosam quia architecto autem.',521,4,29,'2018-09-10 14:42:29','2018-09-10 14:42:29'),(28,'nesciunt','Maxime quo ut reiciendis veritatis eos molestiae explicabo. Magni quia iste odit veritatis facere. Enim consequatur quasi nesciunt rerum ea.',753,3,4,'2018-09-10 14:42:29','2018-09-10 14:42:29'),(29,'corrupti','Voluptatem et porro in aliquam id inventore. Id aut voluptatem fugit veritatis perspiciatis nesciunt. Sapiente maiores repellat et consequuntur qui alias quam. Sed molestiae perspiciatis ducimus voluptas ea natus.',770,8,5,'2018-09-10 14:42:29','2018-09-10 14:42:29'),(30,'cum','Et quos molestias est qui quo aut. Repellendus quos voluptas impedit ullam sed occaecati modi rerum. Qui officiis voluptatibus nostrum ratione id.',544,6,9,'2018-09-10 14:42:29','2018-09-10 14:42:29'),(31,'perspiciatis','Velit sequi quia nobis impedit quis dolorem quod. Laboriosam minima itaque debitis modi sed pariatur minus. Velit aspernatur sequi iure aut et.',195,9,5,'2018-09-10 14:42:29','2018-09-10 14:42:29'),(32,'et','Aut itaque ex repellendus ex repellendus omnis in. Impedit dolores inventore eius illum in. Molestias delectus est reiciendis sed commodi reiciendis. At quae corrupti tempore vel.',255,5,4,'2018-09-10 14:42:29','2018-09-10 14:42:29'),(33,'expedita','Esse soluta architecto sapiente consequatur vero. Ea similique modi doloribus maxime explicabo inventore. Non vel aut ab nulla.',874,9,15,'2018-09-10 14:42:29','2018-09-10 14:42:29'),(34,'et','Temporibus consequatur amet ullam aut. Rerum quis ad est placeat dicta. Suscipit quis optio aut recusandae blanditiis ut.',525,6,12,'2018-09-10 14:42:29','2018-09-10 14:42:29'),(35,'est','At labore qui amet. Non modi omnis numquam. Quia cupiditate ut eaque assumenda inventore cumque quas. Velit voluptatum odit aut quia porro.',709,0,22,'2018-09-10 14:42:29','2018-09-10 14:42:29'),(36,'sed','Deserunt eum consequuntur nobis vel et quasi itaque. Nostrum dolorem aliquid nostrum. Eum quas harum dolore aut fuga.',828,9,18,'2018-09-10 14:42:29','2018-09-10 14:42:29'),(37,'cum','Sint consectetur consequatur voluptatibus id pariatur dolor. Non ipsam veritatis voluptas consequatur quod ut. Tempora ratione natus et repellat. Quam quasi libero quia aut.',715,2,24,'2018-09-10 14:42:29','2018-09-10 14:42:29'),(38,'sequi','Ut vero sint temporibus porro veritatis. Corporis ducimus autem qui eius aspernatur ea. Et dolor soluta sed.',950,5,12,'2018-09-10 14:42:29','2018-09-10 14:42:29'),(39,'doloremque','Molestiae et ut incidunt. Perspiciatis nostrum voluptatibus voluptatem earum. Vel enim qui vel nihil quaerat voluptates illum. Harum dolorem maxime alias aut velit dolores minus. A nulla in maiores aut.',829,7,20,'2018-09-10 14:42:29','2018-09-10 14:42:29'),(40,'veniam','Officiis magnam voluptates ea et. Ea corrupti sint rerum eos. Rem nulla praesentium maxime at at molestiae. Sit dolor impedit non quam occaecati magni perferendis nam.',241,8,29,'2018-09-10 14:42:30','2018-09-10 14:42:30'),(41,'fuga','Sed expedita at et vitae. Similique et enim ea optio.',118,8,17,'2018-09-10 14:42:30','2018-09-10 14:42:30'),(42,'aliquam','Unde a aliquam non. Aut sed quia sit. Sapiente et quis non at.',419,3,27,'2018-09-10 14:42:30','2018-09-10 14:42:30'),(43,'enim','Ut laboriosam in quam consequatur ex et doloribus nam. Provident et quo deleniti et eveniet repudiandae. Ut eos deserunt accusantium commodi et. Qui itaque quia dignissimos cum et voluptatum. Reiciendis assumenda est ipsam vel ut aut consequuntur.',231,4,22,'2018-09-10 14:42:30','2018-09-10 14:42:30'),(44,'cum','Et reiciendis nihil aperiam omnis sit. Quo voluptas asperiores quo neque quo minima. Eveniet ut voluptas eaque.',876,5,3,'2018-09-10 14:42:30','2018-09-10 14:42:30'),(45,'sint','Error at et qui aperiam qui et recusandae quia. Laboriosam qui inventore neque expedita commodi nostrum. Voluptas soluta provident nobis velit et rerum. Iure et dolor ut optio sed laudantium. Pariatur sit quam enim voluptates consequatur.',269,1,18,'2018-09-10 14:42:30','2018-09-10 14:42:30'),(46,'inventore','Modi voluptate vitae natus placeat est. Assumenda molestiae veritatis provident tempora nobis ut debitis qui.',293,1,14,'2018-09-10 14:42:30','2018-09-10 14:42:30'),(47,'delectus','Enim unde sed rerum quaerat. Fuga laboriosam sed ut beatae nobis quas mollitia. Praesentium optio id ea qui assumenda vitae.',637,3,18,'2018-09-10 14:42:30','2018-09-10 14:42:30'),(48,'repellendus','Quo voluptate est non aut ut placeat. Aliquid repellendus qui dignissimos quia nesciunt vel est. Commodi sunt eveniet velit. Nostrum consequatur dolores ut deserunt.',113,8,21,'2018-09-10 14:42:30','2018-09-10 14:42:30'),(49,'rerum','Qui est aut nam qui error optio. Facere impedit et aut illum ad aliquam est. Et et ut nulla aut.',663,4,4,'2018-09-10 14:42:30','2018-09-10 14:42:30'),(50,'non','Quo sit voluptatibus suscipit quam consequatur. Quod unde rerum nesciunt. Est est neque libero eligendi eius iste culpa. Ut rerum quo velit nesciunt qui.',333,6,30,'2018-09-10 14:42:30','2018-09-10 14:42:30'),(51,'sequi','Consequuntur quas omnis deleniti saepe et sapiente. Necessitatibus possimus voluptatem qui fugiat dolorem voluptatem magnam.',538,8,8,'2018-09-10 14:44:17','2018-09-10 14:44:17'),(52,'vero','Ut dignissimos fugiat maxime eos animi. Eum quos est est. Ut veniam asperiores reprehenderit ipsam deleniti provident illum. Sequi fugit voluptatem eos aperiam et.',249,1,19,'2018-09-10 14:44:18','2018-09-10 14:44:18'),(53,'officiis','Rerum quos qui accusantium enim nulla ut iste vel. Molestias dignissimos pariatur ratione nobis qui delectus exercitationem error. Ut repellendus quas eveniet necessitatibus sed nisi voluptatem. Illo dolores commodi possimus rerum quae.',891,4,27,'2018-09-10 14:44:18','2018-09-10 14:44:18'),(54,'ut','Omnis illum occaecati voluptatem ipsam. Molestiae dolor nam ut illo recusandae non. In odit exercitationem quis cum est.',592,3,19,'2018-09-10 14:44:18','2018-09-10 14:44:18'),(55,'aperiam','Laboriosam nihil doloremque quis non accusamus cum tempora consequatur. Ut est iste eos expedita. Consectetur enim quibusdam qui voluptates suscipit provident error.',568,3,10,'2018-09-10 14:44:18','2018-09-10 14:44:18'),(56,'dolor','Et blanditiis vel est aut quas. Cumque dicta ipsam modi hic quos. Ratione vero iusto consectetur possimus.',266,1,30,'2018-09-10 14:44:18','2018-09-10 14:44:18'),(57,'mollitia','Rem enim ea ut quos fugit excepturi. Assumenda corporis tenetur sapiente ullam aut. At non unde ad delectus corporis. Exercitationem et labore magni corporis dolore accusantium.',451,3,13,'2018-09-10 14:44:18','2018-09-10 14:44:18'),(58,'repellendus','Dolor consequatur iure consequatur. Id eum qui occaecati fugit architecto. Beatae et provident nemo ipsum voluptatem. Officiis corporis neque placeat tempora et rem recusandae vitae.',254,4,25,'2018-09-10 14:44:18','2018-09-10 14:44:18'),(59,'earum','Expedita cupiditate sit accusamus animi. Quia accusantium temporibus laboriosam incidunt fugit sed ea.',527,9,22,'2018-09-10 14:44:18','2018-09-10 14:44:18'),(60,'ut','Eligendi enim nostrum vitae sint laboriosam illo qui. Possimus ut deserunt laborum voluptatibus. Similique sit sint sunt. Qui distinctio pariatur in.',586,5,24,'2018-09-10 14:44:18','2018-09-10 14:44:18'),(61,'voluptates','Suscipit doloremque laboriosam accusamus molestias. Dolorem ut iusto sint velit. In et laboriosam et eius. Ad mollitia eum rerum libero est quos. Impedit neque eius qui non.',435,4,4,'2018-09-10 14:44:18','2018-09-10 14:44:18'),(62,'inventore','Omnis culpa rerum accusantium ut. Earum quod consequatur et deleniti veritatis eius.',968,5,24,'2018-09-10 14:44:18','2018-09-10 14:44:18'),(63,'eaque','Asperiores fugit odio consequatur sed. Excepturi eum totam ea ab et. Qui asperiores corporis amet qui. Tempore assumenda ipsa reprehenderit qui cum quos quis.',918,1,10,'2018-09-10 14:44:18','2018-09-10 14:44:18'),(64,'animi','Enim ratione non quia nam similique eos. Aut qui et occaecati voluptas ex. Aut nulla velit aut expedita ut culpa est. Ratione necessitatibus nihil odio aut.',595,2,27,'2018-09-10 14:44:18','2018-09-10 14:44:18'),(65,'eaque','Quis sit totam debitis nam accusamus. Ut rerum reprehenderit explicabo ea rerum quasi. Quidem iste quis impedit et.',591,0,22,'2018-09-10 14:44:18','2018-09-10 14:44:18'),(66,'praesentium','Rerum mollitia unde qui quia cupiditate. Voluptas quisquam et sunt et. Repellendus quis enim inventore quas qui id. Officiis quis voluptatem rem non repudiandae itaque id minima.',261,7,13,'2018-09-10 14:44:18','2018-09-10 14:44:18'),(67,'quibusdam','Et quibusdam veritatis dolor illum quas dolorem ut voluptatibus. Sunt sed voluptatibus praesentium quia. Non quisquam cum voluptates doloribus nihil sit. Rerum officia voluptatem sapiente omnis exercitationem blanditiis officia.',798,3,25,'2018-09-10 14:44:18','2018-09-10 14:44:18'),(68,'et','Nemo qui et doloremque et itaque vel sint. Illo eius sunt expedita omnis. Exercitationem aut voluptatum blanditiis. Aut nihil sunt veniam et.',508,2,25,'2018-09-10 14:44:18','2018-09-10 14:44:18'),(69,'ut','Amet dolor temporibus voluptatem fugiat dignissimos. Eaque iste sunt nihil odit eveniet maiores. Amet quibusdam ratione qui quos quis. Dolorem ea officia sapiente sit eveniet rerum quibusdam.',919,3,28,'2018-09-10 14:44:19','2018-09-10 14:44:19'),(70,'aut','Magnam necessitatibus aut rerum eum sit quia. Id et officiis iure aut non quia. Molestiae facilis in et.',331,1,29,'2018-09-10 14:44:19','2018-09-10 14:44:19'),(71,'quod','Eligendi atque deleniti adipisci ducimus. Quas aut dicta expedita eius qui est similique. Unde et commodi aut ad voluptates. Eaque laudantium et voluptas ipsam. Est distinctio nulla est aut.',908,2,20,'2018-09-10 14:44:19','2018-09-10 14:44:19'),(72,'dolore','Minus similique velit et magnam corporis qui aut excepturi. A officiis blanditiis quisquam pariatur aut. Sit facere veritatis ipsum ea id. Debitis deleniti vel ut. Quos voluptatibus eum aspernatur consequatur voluptate et rerum et.',472,9,30,'2018-09-10 14:44:19','2018-09-10 14:44:19'),(73,'corrupti','Asperiores aut esse reprehenderit rerum laudantium. Suscipit perspiciatis ducimus quidem rem quae. Et eligendi provident veniam eum. Voluptatem voluptate quae et laboriosam aspernatur praesentium eum.',262,7,30,'2018-09-10 14:44:19','2018-09-10 14:44:19'),(74,'pariatur','Veniam pariatur consequatur ut dolore ea sint eveniet. Harum praesentium expedita et sed ut. Et odio aut quasi magnam. Expedita aut facilis ipsam expedita.',416,1,13,'2018-09-10 14:44:19','2018-09-10 14:44:19'),(75,'voluptate','Aut rerum recusandae error. Nobis voluptatibus ex quia exercitationem voluptas corporis similique. Nesciunt ipsa quas dolorem ratione. Maxime odit neque ab. Accusantium ut incidunt id enim repellendus.',816,7,16,'2018-09-10 14:44:19','2018-09-10 14:44:19'),(76,'ipsa','Repellendus quod est at exercitationem dolore. Deserunt aut officia modi doloremque consectetur mollitia iure. Qui tempore a facere hic. Eos at et aperiam ipsam sequi. Labore magni quia voluptas officia inventore.',698,6,25,'2018-09-10 14:44:19','2018-09-10 14:44:19'),(77,'quas','Corrupti cumque laboriosam sed qui velit asperiores. Illo molestiae assumenda molestiae qui adipisci saepe et.',657,7,13,'2018-09-10 14:44:19','2018-09-10 14:44:19'),(78,'officia','Pariatur officia ipsam consequatur aspernatur velit exercitationem aut. Consectetur est aut ut commodi. Veniam quas nihil sunt nesciunt ut non qui. Rerum rerum aut perferendis expedita minima corporis vel.',135,8,30,'2018-09-10 14:44:19','2018-09-10 14:44:19'),(79,'molestiae','Voluptatem facere aut nihil iusto iste est laboriosam. Rerum iusto rerum alias libero. Assumenda porro quae quis hic.',361,6,11,'2018-09-10 14:44:19','2018-09-10 14:44:19'),(80,'recusandae','Accusantium quos consequuntur sunt neque. Iure occaecati necessitatibus id est voluptas et.',362,2,4,'2018-09-10 14:44:19','2018-09-10 14:44:19'),(81,'et','Eligendi qui non ut voluptatum alias autem. Velit enim sed est. Dolorem ipsa eligendi beatae error.',663,6,3,'2018-09-10 14:44:19','2018-09-10 14:44:19'),(82,'quia','Eos non vero et est et enim quae vel. Sequi veniam repellendus odio et saepe perferendis veritatis aut. Dolores aut et ratione reprehenderit.',371,8,26,'2018-09-10 14:44:19','2018-09-10 14:44:19'),(83,'quia','Consequuntur consectetur nisi dolorum temporibus consequatur quaerat quibusdam. Ratione exercitationem ex illum voluptas doloribus. Iste reprehenderit quibusdam dolore quo non.',956,5,19,'2018-09-10 14:44:19','2018-09-10 14:44:19'),(84,'molestias','Et cumque eum dolores aut repellat totam alias. Mollitia soluta eius veniam et. Voluptatem ipsam sit dicta est.',666,3,10,'2018-09-10 14:44:19','2018-09-10 14:44:19'),(85,'autem','Amet asperiores culpa praesentium aut. Voluptate voluptas nihil rerum ut et. Et inventore nulla omnis excepturi quis.',692,1,9,'2018-09-10 14:44:19','2018-09-10 14:44:19'),(86,'cupiditate','Quidem natus quas commodi modi ut officiis. Neque ut quo natus eveniet suscipit ipsam eius. Reiciendis pariatur quis quo eius.',414,9,24,'2018-09-10 14:44:19','2018-09-10 14:44:19'),(87,'exercitationem','Et ab quisquam illo alias aperiam suscipit. Saepe omnis fugiat et nostrum animi voluptas qui. Similique enim neque a veritatis. Quisquam in aut quisquam error vel rem. Dolorem mollitia saepe rem velit et id.',315,5,21,'2018-09-10 14:44:19','2018-09-10 14:44:19'),(88,'minus','Quibusdam illum quod inventore quia in temporibus. Sit eum occaecati voluptas odio voluptates aut. Aut sapiente temporibus et aperiam vitae et. Repellendus voluptatem soluta alias praesentium est.',548,8,7,'2018-09-10 14:44:19','2018-09-10 14:44:19'),(89,'non','Corporis voluptatibus assumenda cumque excepturi ut autem. Sapiente quis eum exercitationem vero et tempora dolorum. Reiciendis ut dolorem quae nulla.',655,1,26,'2018-09-10 14:44:20','2018-09-10 14:44:20'),(90,'id','Ratione tenetur nobis maiores quis ut. Et quae ipsam eaque nihil nam hic. Suscipit autem repellendus suscipit aut. Aut vel deleniti sint ea. Laudantium est suscipit id facere.',367,3,21,'2018-09-10 14:44:20','2018-09-10 14:44:20'),(91,'maiores','Facilis sequi laboriosam officia fuga voluptatibus. Quam ex aperiam est laudantium optio sed rerum. Ipsam dolorem quia in aut blanditiis eos.',761,6,23,'2018-09-10 14:44:20','2018-09-10 14:44:20'),(92,'excepturi','Reiciendis velit odit sint repudiandae laborum nostrum a. Ipsa at aperiam adipisci sapiente sint ipsa. Accusamus quis qui expedita illum eum. Qui magnam excepturi iste mollitia est.',947,7,29,'2018-09-10 14:44:20','2018-09-10 14:44:20'),(93,'quibusdam','Occaecati unde non qui similique. Ut fuga vero voluptatem dolorem.',529,3,20,'2018-09-10 14:44:20','2018-09-10 14:44:20'),(94,'consequatur','Pariatur dolores saepe aut quas molestiae occaecati. Odio quia nihil dolor nesciunt. Tempora et hic amet itaque culpa. Mollitia doloremque impedit voluptatem perspiciatis.',425,0,12,'2018-09-10 14:44:20','2018-09-10 14:44:20'),(95,'iste','Aliquam eius sequi et. Aspernatur qui accusantium id soluta ad.',942,5,24,'2018-09-10 14:44:20','2018-09-10 14:44:20'),(96,'iure','Eligendi sit tenetur veritatis beatae et. In cupiditate maiores rerum fuga ut ut. Veritatis ipsam labore ducimus quia atque sed et consequuntur. Quod cum facere maiores.',204,3,27,'2018-09-10 14:44:20','2018-09-10 14:44:20'),(97,'perspiciatis','Ut et quia magnam qui ea voluptate quia. Ex quidem eum est nihil sunt. Quibusdam quis qui ex veniam.',167,9,21,'2018-09-10 14:44:20','2018-09-10 14:44:20'),(98,'voluptatibus','Illo reiciendis repudiandae culpa. Quis sed nihil omnis exercitationem. Quo deserunt in quod sint eligendi ducimus. Atque minus ut dolor commodi.',729,1,23,'2018-09-10 14:44:20','2018-09-10 14:44:20'),(99,'laboriosam','Numquam et quo autem. Ut quia quia est pariatur. Quam at consequatur non suscipit libero est expedita. Doloremque aliquam sed soluta beatae earum qui.',611,3,13,'2018-09-10 14:44:20','2018-09-10 14:44:20'),(100,'quisquam','Ea nisi qui quia in. Dignissimos eum sit aperiam blanditiis magnam voluptatem a aut. Autem natus sapiente fugit.',874,7,27,'2018-09-10 14:44:20','2018-09-10 14:44:20');
/*!40000 ALTER TABLE `products` ENABLE KEYS */;
UNLOCK TABLES;

--
-- Table structure for table `reviews`
--

DROP TABLE IF EXISTS `reviews`;
/*!40101 SET @saved_cs_client     = @@character_set_client */;
/*!40101 SET character_set_client = utf8 */;
CREATE TABLE `reviews` (
  `id` int(10) unsigned NOT NULL AUTO_INCREMENT,
  `product_id` int(10) unsigned NOT NULL,
  `customer` varchar(191) COLLATE utf8mb4_unicode_ci NOT NULL,
  `review` text COLLATE utf8mb4_unicode_ci NOT NULL,
  `star` int(11) NOT NULL,
  `created_at` timestamp NULL DEFAULT NULL,
  `updated_at` timestamp NULL DEFAULT NULL,
  PRIMARY KEY (`id`),
  KEY `reviews_product_id_index` (`product_id`)
) ENGINE=InnoDB AUTO_INCREMENT=301 DEFAULT CHARSET=utf8mb4 COLLATE=utf8mb4_unicode_ci;
/*!40101 SET character_set_client = @saved_cs_client */;

--
-- Dumping data for table `reviews`
--

LOCK TABLES `reviews` WRITE;
/*!40000 ALTER TABLE `reviews` DISABLE KEYS */;
INSERT INTO `reviews` VALUES (1,3,'Marisol Kuphal','Magni reprehenderit quia quidem facere tempore ratione. Dolor laboriosam omnis ullam iusto nihil. Et eos cumque qui architecto ut.',4,'2018-09-10 14:44:21','2018-09-10 14:44:21'),(2,48,'Connor Kirlin','Debitis est quia enim. Error tempore et nam tenetur nihil.',4,'2018-09-10 14:44:21','2018-09-10 14:44:21'),(3,38,'Dino Leannon MD','Repudiandae occaecati excepturi et hic. Et neque nulla vel nostrum suscipit et.',2,'2018-09-10 14:44:21','2018-09-10 14:44:21'),(4,59,'Cortez Conn','Quam porro ad cupiditate deserunt voluptas ab ut. Saepe quis deserunt eos repellendus illo aut aut. Dolores rem dolorem reprehenderit tenetur esse. Voluptatem aut fugit velit explicabo tempora est. Perspiciatis veritatis sequi deserunt.',1,'2018-09-10 14:44:21','2018-09-10 14:44:21'),(5,40,'Giovanna Dietrich Sr.','Eum aut qui numquam sunt aliquid quo et. Tenetur explicabo nostrum ut iste non ab. Ducimus consequatur est veniam corporis.',4,'2018-09-10 14:44:21','2018-09-10 14:44:21'),(6,49,'Vivian Lemke','Provident ab doloribus vero autem. Voluptatum est dolorem totam. Ipsam omnis error sit quos. Quas quos porro repellendus consequuntur voluptatem consectetur.',2,'2018-09-10 14:44:21','2018-09-10 14:44:21'),(7,88,'Joaquin Marquardt','In aut voluptas numquam voluptatum vel molestias ad. In perferendis consectetur doloremque harum reiciendis commodi voluptatum tempore. Labore alias placeat sit deleniti.',1,'2018-09-10 14:44:21','2018-09-10 14:44:21'),(8,85,'Prof. Ransom Runolfsson II','Neque placeat non quis rerum quo voluptatum alias. Suscipit quibusdam dolores enim et quidem maxime rerum quam. Sed eos laudantium aspernatur quas aut beatae odit. Eligendi omnis assumenda tenetur perferendis reprehenderit.',2,'2018-09-10 14:44:21','2018-09-10 14:44:21'),(9,13,'Prof. Alyson Mosciski','Dolores exercitationem iure totam illo ipsa illo. Iure qui recusandae sint incidunt laudantium. Cum repudiandae asperiores possimus dolor non sit dignissimos molestias. Dolor quibusdam ea corrupti illo culpa saepe.',4,'2018-09-10 14:44:21','2018-09-10 14:44:21'),(10,27,'Ms. Claudine Russel','Voluptas nesciunt quis commodi et dolorem rerum. Necessitatibus eum similique sed eum.',0,'2018-09-10 14:44:21','2018-09-10 14:44:21'),(11,13,'Mr. Moshe Rice','Quaerat ut illo ratione voluptatem aspernatur aliquid. Id rerum sunt laboriosam dicta magnam quidem rerum. Nisi dolorem nesciunt iure id. Pariatur impedit aut blanditiis accusantium voluptas labore.',0,'2018-09-10 14:44:21','2018-09-10 14:44:21'),(12,32,'Dr. Oliver Maggio Jr.','Esse ab porro nostrum aut velit. Quasi dolores nemo unde quam. Quae nulla esse totam.',5,'2018-09-10 14:44:21','2018-09-10 14:44:21'),(13,36,'Mrs. Tania Ledner','Excepturi consequuntur ut sit repellendus. Distinctio qui nesciunt consequatur unde a soluta eveniet doloremque. Qui eaque consequatur ut qui rem non. Id enim reiciendis magni expedita consequatur veritatis voluptas.',4,'2018-09-10 14:44:21','2018-09-10 14:44:21'),(14,34,'Barbara Pacocha','Facilis reiciendis qui est eligendi eaque. Nemo quod similique sed libero adipisci et omnis qui. Et vitae pariatur sint voluptas ut mollitia accusamus.',1,'2018-09-10 14:44:21','2018-09-10 14:44:21'),(15,97,'Judson Kshlerin Sr.','Ipsum sint non quo molestias. Rerum qui odio unde aut repudiandae. Ut culpa impedit eum veritatis sed aspernatur.',3,'2018-09-10 14:44:21','2018-09-10 14:44:21'),(16,36,'Aurore Fritsch','Nam expedita est et voluptas dolores. Qui quae ipsum est molestiae. Enim ea labore vel temporibus voluptatem. Et sit atque sed aut voluptatem.',5,'2018-09-10 14:44:21','2018-09-10 14:44:21'),(17,95,'Joannie Friesen','Ex vero est blanditiis eum veniam et. Nostrum dignissimos vel velit repudiandae dicta. Ut qui eaque laboriosam in enim id sint ad. Perspiciatis exercitationem et asperiores qui minus quo.',0,'2018-09-10 14:44:22','2018-09-10 14:44:22'),(18,37,'Hayley Nicolas','Expedita explicabo perferendis ut nam consequatur. Amet ea mollitia minima illum est. Earum eos delectus architecto at.',1,'2018-09-10 14:44:22','2018-09-10 14:44:22'),(19,98,'Nicole Weissnat','Aliquid amet quod voluptas dolor asperiores qui. Aut laboriosam voluptate quam vel repellat. Nemo rem nostrum est iure et.',3,'2018-09-10 14:44:22','2018-09-10 14:44:22'),(20,32,'Prof. Tatum Gerhold','Dolorem et et molestiae aut incidunt sunt. Odit voluptate placeat dicta sequi provident eligendi nulla. Debitis doloribus corrupti sit officia. Et ratione praesentium eum earum et.',1,'2018-09-10 14:44:22','2018-09-10 14:44:22'),(21,53,'Autumn Durgan','Unde nobis sapiente eveniet nostrum illum. Dolor placeat facilis voluptatem ut ratione et dolor. Atque molestias delectus in qui.',5,'2018-09-10 14:44:22','2018-09-10 14:44:22'),(22,17,'Mrs. Aniya Schuster','Omnis nam ut quo ratione. Aliquid officia magni numquam eius iusto maxime. Odit et sed distinctio est eius error vero.',1,'2018-09-10 14:44:22','2018-09-10 14:44:22'),(23,36,'Forest Stroman','Ipsum dicta facilis quasi quaerat rerum qui. Vitae tenetur corrupti et ab fugit nam veritatis. Quia molestiae eum iusto voluptas molestiae. Facilis recusandae et impedit aut consectetur.',2,'2018-09-10 14:44:22','2018-09-10 14:44:22'),(24,66,'Alf Hodkiewicz Jr.','Nihil officia et eius non voluptatem officia odit qui. Quisquam eaque soluta laborum ab. Impedit molestiae dolor saepe. Aut sed minus voluptatum eum qui.',5,'2018-09-10 14:44:22','2018-09-10 14:44:22'),(25,50,'Marisa Conn','Occaecati tempora consequatur optio sed veritatis libero optio. Pariatur numquam similique ea nostrum ipsa. Incidunt accusamus sed aut commodi dolorum enim quis. Eum eum nobis quia ipsam et voluptatum explicabo non.',0,'2018-09-10 14:44:22','2018-09-10 14:44:22'),(26,5,'Prof. Declan Jacobson Sr.','Sit aliquam quos eos dolores aut quis. Nihil tenetur voluptatem illo veniam libero voluptate. Labore perferendis quas itaque in similique non. Et aliquid modi accusantium et atque quo et natus.',3,'2018-09-10 14:44:22','2018-09-10 14:44:22'),(27,89,'May Hintz','Placeat deserunt labore molestiae et quia laboriosam. Laudantium eos dignissimos doloremque. Dolore commodi itaque non rerum.',2,'2018-09-10 14:44:22','2018-09-10 14:44:22'),(28,13,'Prof. Antwan Kuhlman','Aliquid sit vel placeat minus modi temporibus labore provident. Voluptates eum neque voluptatem vel assumenda. Magni quis et tempora veritatis odit at magnam ea. Enim vel assumenda id quo ut reprehenderit voluptas eum. Ut autem enim id sint.',1,'2018-09-10 14:44:22','2018-09-10 14:44:22'),(29,15,'Maybelle Mayert','Ducimus tempore impedit ut cumque voluptatem quasi consectetur. Et ut non aut temporibus asperiores. Molestiae deleniti magni voluptas iusto rerum omnis omnis.',0,'2018-09-10 14:44:22','2018-09-10 14:44:22'),(30,93,'Sammie Hickle','Sit ad et eum sint rem harum. Vel tempore praesentium tempora sed. Quam animi nobis sunt eos distinctio facilis qui. Harum eveniet consequatur qui eos accusantium odio.',1,'2018-09-10 14:44:22','2018-09-10 14:44:22'),(31,83,'Idella Roob','Cum nam tempore dignissimos voluptatum consequatur quam. Omnis repellendus aut atque ipsum occaecati quam quibusdam. Soluta vel soluta cum non officia eaque recusandae porro. Impedit est reprehenderit aliquid laudantium aperiam et aliquid eius.',1,'2018-09-10 14:44:22','2018-09-10 14:44:22'),(32,17,'Antonietta Reinger','Molestiae cupiditate et repudiandae possimus veniam. Nemo quaerat voluptatem omnis. Cupiditate modi qui nisi distinctio.',2,'2018-09-10 14:44:22','2018-09-10 14:44:22'),(33,64,'Mrs. Jazmin Huel V','Deserunt ipsam in omnis ut. Accusamus rem veritatis tempore blanditiis eius officia non. Eos temporibus et eos officia in error maxime laudantium. Qui aliquid voluptatibus quis quaerat sit consequatur vel hic.',5,'2018-09-10 14:44:22','2018-09-10 14:44:22'),(34,47,'Dr. Kamille Hintz I','Quia qui non distinctio voluptatem eligendi possimus. Dolore consequatur maxime autem commodi quisquam eum laboriosam.',0,'2018-09-10 14:44:22','2018-09-10 14:44:22'),(35,63,'Candelario Dare','Sed rem iure aperiam fugit. Eligendi illo ut alias et et. Odio perspiciatis nesciunt qui qui. Dolorum modi ducimus voluptatem sed. Quia voluptatibus voluptatem quo voluptatibus quis quod.',2,'2018-09-10 14:44:22','2018-09-10 14:44:22'),(36,81,'Dr. Alexandro Schneider III','Illo ipsam a fuga est sed. Vel quod itaque distinctio dicta repudiandae nihil eum. Excepturi beatae repellendus ea eius.',1,'2018-09-10 14:44:22','2018-09-10 14:44:22'),(37,54,'Evalyn Zieme','Earum cumque eligendi neque qui eum et. Enim autem et nemo aut enim. Eum reprehenderit iste ut ut. Id ut dolor veritatis aut itaque voluptatem.',1,'2018-09-10 14:44:22','2018-09-10 14:44:22'),(38,5,'Prof. Zack Hessel','Praesentium animi maiores facere voluptatum laboriosam porro autem excepturi. Aliquam sed et officiis est eaque. Perferendis tempora dicta quia molestias voluptas explicabo totam.',3,'2018-09-10 14:44:22','2018-09-10 14:44:22'),(39,17,'Thea Weissnat','Consequuntur iste dolores quae est sit. Iusto eos assumenda rerum ipsa consequuntur laboriosam. Ut rerum dolores illum id quisquam itaque exercitationem.',0,'2018-09-10 14:44:22','2018-09-10 14:44:22'),(40,68,'Roberto Hegmann III','Sit vitae consequatur nihil nisi dicta. Facilis adipisci quis illum est mollitia ipsum. Nostrum non temporibus corrupti ut accusamus. Pariatur est aut ut eos ad quis.',0,'2018-09-10 14:44:22','2018-09-10 14:44:22'),(41,58,'Hans Botsford','Distinctio eum magni necessitatibus blanditiis cum eius nisi facilis. Vel enim veritatis veritatis eos. Voluptas quis eligendi similique perspiciatis. Error autem voluptatem est accusantium eaque architecto.',5,'2018-09-10 14:44:23','2018-09-10 14:44:23'),(42,43,'Ms. Althea Koss','Quis ullam esse quaerat dolorum assumenda. Et est sapiente voluptatem vel sit excepturi totam. In eos odit aliquid veritatis voluptas occaecati et. Facere autem at est hic.',0,'2018-09-10 14:44:23','2018-09-10 14:44:23'),(43,79,'Columbus Stanton','Odio asperiores assumenda quae aut. Vel voluptatum voluptas repellat tempora id. Dolorem nobis cumque ut repudiandae qui. Vitae qui ut et doloremque distinctio.',0,'2018-09-10 14:44:23','2018-09-10 14:44:23'),(44,17,'Valentine Gislason','Iusto nihil dolor suscipit rem quas voluptatibus. Eius qui tempora dolore quae quasi ab. Nam pariatur nihil odio voluptatem. Eos nulla est temporibus deleniti labore omnis omnis.',3,'2018-09-10 14:44:23','2018-09-10 14:44:23'),(45,2,'Prof. Horace King MD','Voluptates quam est repudiandae. Provident omnis vero est labore. Possimus repellendus quisquam aliquam ut corrupti deleniti. Ex placeat occaecati labore veritatis.',1,'2018-09-10 14:44:23','2018-09-10 14:44:23'),(46,53,'Dr. Hulda Ritchie Jr.','Et omnis non sunt qui voluptates quo alias. Nihil culpa consequatur qui distinctio dolorem. Voluptatem et laudantium veniam esse delectus error praesentium.',5,'2018-09-10 14:44:23','2018-09-10 14:44:23'),(47,22,'Lizeth Zulauf','Sunt facere alias quia asperiores adipisci molestiae rem et. Quo qui deleniti aut eaque esse velit. Labore illum totam aut id. Neque autem numquam maxime corporis. Dolor possimus deserunt minima magnam velit magnam nostrum.',3,'2018-09-10 14:44:23','2018-09-10 14:44:23'),(48,44,'Dr. Gunnar Lemke','Id at velit enim est. Non rerum a est voluptatem eum vitae ab a. Porro natus impedit accusamus. Ducimus labore pariatur quo quia nobis.',1,'2018-09-10 14:44:23','2018-09-10 14:44:23'),(49,24,'Dr. Estefania Mante PhD','Totam omnis necessitatibus eligendi architecto distinctio aliquid placeat id. Hic error beatae aut est deserunt velit quasi. Dolorem quia delectus dolores repudiandae.',0,'2018-09-10 14:44:23','2018-09-10 14:44:23'),(50,97,'Miss Summer Mosciski DDS','Nisi a in quis reprehenderit enim accusamus. Ut itaque repudiandae excepturi minima quasi facilis. Voluptate consectetur labore dolore.',3,'2018-09-10 14:44:23','2018-09-10 14:44:23'),(51,3,'Adolf Nikolaus IV','Est ab quam quia cumque. Magni id non consequatur ex. Soluta facilis rerum ex. Distinctio quia sequi et consequatur labore aut perferendis. Beatae illum aut ad neque quo.',3,'2018-09-10 14:44:23','2018-09-10 14:44:23'),(52,82,'Ezequiel Block','Nulla consequatur qui est sit aut ratione quod. Nisi et quod libero ea. Provident est ut ut non dolor dolor facere. Illo nam non illum nesciunt.',3,'2018-09-10 14:44:23','2018-09-10 14:44:23'),(53,94,'Reyna Macejkovic','Magni architecto eum sit. Beatae debitis alias corrupti minus pariatur nesciunt. Sunt aliquam culpa dolorem aperiam culpa.',1,'2018-09-10 14:44:23','2018-09-10 14:44:23'),(54,20,'Mylene Steuber','Officia doloribus temporibus praesentium maxime. Iusto debitis commodi aut et illo quia. Qui consequatur qui velit et. Facilis molestiae qui doloremque labore modi optio iste.',1,'2018-09-10 14:44:23','2018-09-10 14:44:23'),(55,82,'Cecelia Deckow Sr.','Voluptatem tenetur optio et officia omnis sit. Labore consectetur dicta dolor. Tenetur quo sapiente sequi adipisci id aliquam similique.',2,'2018-09-10 14:44:23','2018-09-10 14:44:23'),(56,71,'Marcellus Effertz','Cum facilis vel accusamus animi. Voluptatem dolor incidunt eum reiciendis aut.',1,'2018-09-10 14:44:23','2018-09-10 14:44:23'),(57,68,'Jerod Satterfield','Possimus ipsum et omnis incidunt ea esse assumenda. Asperiores assumenda minima non iure enim laborum. Corporis consequuntur sint laudantium tempore aut omnis velit. Quis repellat similique debitis sint occaecati laudantium dolorem.',1,'2018-09-10 14:44:23','2018-09-10 14:44:23'),(58,44,'Mr. Alexie Stiedemann','Est eligendi et nemo praesentium. Quia atque sed necessitatibus quaerat architecto. Consequatur cumque commodi qui est.',4,'2018-09-10 14:44:23','2018-09-10 14:44:23'),(59,29,'Stefanie Watsica','Ut a optio eaque aut. Dicta at sed maiores et laboriosam. Velit voluptates laborum non quisquam eius nesciunt et. Sit mollitia quis est minima.',0,'2018-09-10 14:44:23','2018-09-10 14:44:23'),(60,13,'Austyn Mann II','Expedita sunt voluptate non. In hic veniam ab enim. Doloremque cupiditate libero officiis fugit. Ab fugit quis officia nobis tempore.',1,'2018-09-10 14:44:23','2018-09-10 14:44:23'),(61,66,'Marlen Hand Jr.','Aliquam omnis unde dolorem doloribus dignissimos consequatur sint dolorum. Veniam aliquam dolorum ex maiores voluptatibus et corrupti. Officiis molestiae ea quia molestiae voluptas id.',3,'2018-09-10 14:44:23','2018-09-10 14:44:23'),(62,57,'Colleen Emard II','Voluptatum quia voluptas esse quisquam. Deserunt harum consectetur ducimus earum. Voluptatem dolore commodi culpa. Vel nostrum similique eum amet totam sint repudiandae.',3,'2018-09-10 14:44:23','2018-09-10 14:44:23'),(63,91,'Sharon Simonis','Distinctio porro et itaque voluptatem odit suscipit. Sint omnis dolor ex ipsa nihil. Quibusdam et vel quo ullam odio ut omnis. Quis error dolor eligendi iure sed quia voluptatum reiciendis.',1,'2018-09-10 14:44:24','2018-09-10 14:44:24'),(64,95,'Dax Lakin','Voluptate maxime in consequuntur cumque ut et harum. Distinctio voluptatem tempora minima ut. Fugiat sit at voluptas similique perferendis illum autem.',1,'2018-09-10 14:44:24','2018-09-10 14:44:24'),(65,6,'Hudson Nicolas','Voluptas sit qui est eum. Dolor voluptas consequatur et consequuntur qui. Explicabo aliquid eum eos suscipit.',4,'2018-09-10 14:44:24','2018-09-10 14:44:24'),(66,99,'Tressa Hegmann','Quis aut enim nihil ullam. Ut earum et qui. Aliquid aspernatur sunt laboriosam voluptate.',5,'2018-09-10 14:44:24','2018-09-10 14:44:24'),(67,80,'Enrique Renner','Et recusandae modi voluptates voluptatem. Sunt eveniet id quaerat magni repellat.',4,'2018-09-10 14:44:24','2018-09-10 14:44:24'),(68,97,'Elena Brown','Voluptate veritatis voluptas non veritatis ea qui autem. Consequuntur alias ipsam voluptatibus dolor est. Nulla officia numquam unde magni quibusdam maiores. Accusantium fuga expedita dolorem voluptatem atque iure.',3,'2018-09-10 14:44:24','2018-09-10 14:44:24'),(69,51,'Holly Considine','Dignissimos tenetur vel sit error facere. Repellendus et sunt odit facilis ut qui quia. Ipsam eveniet quibusdam officia repudiandae beatae. Est eum inventore dolores voluptatem.',1,'2018-09-10 14:44:24','2018-09-10 14:44:24'),(70,75,'Hellen Luettgen','Dolorem voluptatem sequi tempora porro. Est voluptate eveniet qui dolorum dolorem corrupti et.',5,'2018-09-10 14:44:24','2018-09-10 14:44:24'),(71,38,'Gregoria Adams','Ut dolor aut rem. Suscipit ratione consequuntur eum sit. Consectetur et ipsum a est dolor.',3,'2018-09-10 14:44:24','2018-09-10 14:44:24'),(72,94,'Hyman Eichmann','Iusto perspiciatis sint illo dignissimos molestiae expedita qui. Quis quia voluptatem praesentium. Cumque id quia dolorum aut voluptates animi. Sed dolor sit aliquam et cumque.',3,'2018-09-10 14:44:24','2018-09-10 14:44:24'),(73,41,'Sigurd Champlin MD','Blanditiis delectus ad omnis quia est et. In ipsa molestiae et consequatur illum. Repellendus quia ratione consectetur ipsum enim.',2,'2018-09-10 14:44:24','2018-09-10 14:44:24'),(74,1,'Zaria Ward','Reprehenderit velit eos omnis autem doloribus autem sunt. Ipsum sed delectus dolor necessitatibus consequuntur excepturi laudantium. Vitae perspiciatis earum quia facere libero quam dolor. Officia cumque vero mollitia numquam vel assumenda.',5,'2018-09-10 14:44:24','2018-09-10 14:44:24'),(75,21,'Eduardo Hamill','Deserunt maxime nobis omnis ipsum. Accusantium sed voluptatem omnis alias corporis. Ratione et asperiores vero et tenetur sint.',2,'2018-09-10 14:44:24','2018-09-10 14:44:24'),(76,20,'Antonio Becker','Et dolor modi qui dignissimos quasi. Perferendis aliquid quia eveniet ex. Occaecati aut quidem aspernatur atque et commodi assumenda. Deserunt fuga sapiente magni commodi.',0,'2018-09-10 14:44:24','2018-09-10 14:44:24'),(77,53,'Micheal Fritsch Sr.','Magnam voluptates impedit assumenda quae ducimus consequatur rerum. Consequatur iure minus eligendi molestiae sit nihil perferendis. Laudantium ea ipsum unde rerum eos odio sequi. Minima totam reiciendis eius suscipit in. Iste excepturi velit velit.',3,'2018-09-10 14:44:24','2018-09-10 14:44:24'),(78,32,'Aaron Lebsack','Voluptates et ut in et nobis ea et voluptatem. Vel tempora exercitationem eveniet omnis aspernatur hic ullam. Consequatur neque enim aliquam ea rerum sequi consequatur accusantium.',4,'2018-09-10 14:44:24','2018-09-10 14:44:24'),(79,44,'Leon Stehr','Eos sint dolor odio maxime asperiores numquam rerum tempora. Error sunt et et voluptatem dolorem laborum. Alias ut sint vel quo voluptatem temporibus.',3,'2018-09-10 14:44:24','2018-09-10 14:44:24'),(80,11,'Granville Nikolaus','Dolor dolorum et rerum error esse non consequatur. Nam occaecati odio explicabo quis ut nam doloribus. Est impedit consequatur officia provident debitis adipisci. Magnam repudiandae consequatur est nulla quaerat.',4,'2018-09-10 14:44:24','2018-09-10 14:44:24'),(81,14,'Dell Mante','Reiciendis iste nam aliquid ut officia numquam eius necessitatibus. Porro ea nihil quas excepturi veniam veniam et. Et quod eum assumenda ipsam harum rerum distinctio. Odit vero tenetur nemo est voluptatibus impedit. Consequatur odio minima omnis magni quos hic voluptatum.',0,'2018-09-10 14:44:24','2018-09-10 14:44:24'),(82,14,'Steve Fay','Autem alias nostrum dolor id praesentium debitis placeat inventore. Et optio odio et vel et impedit quia voluptatem. Ea in quia adipisci totam sed odit earum et.',4,'2018-09-10 14:44:24','2018-09-10 14:44:24'),(83,28,'Catharine Jones','Est expedita natus quam odio non. Unde enim ullam dolor. Id facilis quisquam excepturi voluptas ad qui. Vel dolores ut in odit libero.',2,'2018-09-10 14:44:24','2018-09-10 14:44:24'),(84,36,'Dr. Lela Christiansen DDS','Omnis occaecati eos quasi occaecati eligendi sequi. Rem quo aut qui voluptas repudiandae cum exercitationem. Aut accusamus similique non incidunt.',4,'2018-09-10 14:44:24','2018-09-10 14:44:24'),(85,9,'Miss Else Doyle MD','Adipisci totam explicabo et quaerat. Non quia impedit provident nostrum ad labore tenetur sunt. Quia ex aut veniam quidem officiis quasi cum. Accusamus laborum delectus nam ullam in adipisci quia eum.',4,'2018-09-10 14:44:24','2018-09-10 14:44:24'),(86,18,'Prof. Newell Hyatt','Autem atque qui cupiditate sint qui eaque nemo sit. Neque quidem aut fugit nisi natus reiciendis. Est et soluta exercitationem et.',0,'2018-09-10 14:44:25','2018-09-10 14:44:25'),(87,73,'Antonina Steuber','Aliquam laudantium et aspernatur eaque hic quis. Est aliquid magnam culpa ullam. Tempore mollitia incidunt porro quisquam qui. Perspiciatis voluptatem minima soluta saepe exercitationem quia voluptatem.',4,'2018-09-10 14:44:25','2018-09-10 14:44:25'),(88,50,'Zoe Prohaska IV','Voluptatem rem blanditiis voluptas blanditiis velit tenetur placeat. Sint aut laudantium quia eius deleniti. Eius inventore rem sit fuga. Facilis dicta facere aut omnis exercitationem. Cum voluptatem reiciendis dolorem quo suscipit.',5,'2018-09-10 14:44:25','2018-09-10 14:44:25'),(89,32,'Keith Barton','Blanditiis sunt ratione minus unde omnis inventore velit. Non vero dignissimos qui exercitationem eos. Expedita sunt tenetur est sed. Non quibusdam vel autem dolorem aut.',0,'2018-09-10 14:44:25','2018-09-10 14:44:25'),(90,80,'Elna Collier II','Et sint quod a maxime ex sit. Quis tempora sit nam autem et adipisci. Voluptas labore hic eum corrupti.',1,'2018-09-10 14:44:25','2018-09-10 14:44:25'),(91,19,'Armani Pouros','Necessitatibus rem qui praesentium quam aut nesciunt dolore. Eligendi est quod quod ipsa optio illum. Neque nisi laborum ut odit magni totam consequuntur perferendis. Distinctio reprehenderit mollitia delectus vitae dicta non quia.',2,'2018-09-10 14:44:25','2018-09-10 14:44:25'),(92,8,'Lourdes Doyle','Consequatur similique ut est veniam. Ut perferendis eligendi magnam et animi nobis minima. Optio rerum sed provident dolor ipsam debitis.',5,'2018-09-10 14:44:25','2018-09-10 14:44:25'),(93,10,'Hardy Rutherford','Exercitationem aut molestias esse. Dolorum culpa voluptatem ipsum nemo.',2,'2018-09-10 14:44:25','2018-09-10 14:44:25'),(94,74,'Dr. Haley Kiehn DDS','Itaque tempore in quos fuga. Amet illum consequatur deserunt accusantium reprehenderit et iure. Incidunt et perspiciatis velit est.',0,'2018-09-10 14:44:25','2018-09-10 14:44:25'),(95,94,'Miss Marina Schulist Jr.','Necessitatibus quasi deleniti dolore excepturi aut molestias. Iusto consequuntur ut reiciendis vel eligendi voluptatum. Qui et assumenda deleniti officiis unde. Placeat quod laudantium dolore sed similique.',1,'2018-09-10 14:44:25','2018-09-10 14:44:25'),(96,4,'Mr. Lionel Dickens Sr.','Qui numquam laboriosam voluptas. Et quia voluptas quas voluptatibus. In reiciendis ut corporis quia fugiat asperiores. Qui voluptas fugiat modi nulla.',2,'2018-09-10 14:44:25','2018-09-10 14:44:25'),(97,46,'Titus Braun','Atque dolorum et esse dolores enim dolor voluptates dolorem. Ut dolores debitis ex at illum dolor cum. Quasi delectus molestiae nobis autem mollitia.',4,'2018-09-10 14:44:25','2018-09-10 14:44:25'),(98,28,'Mandy Mertz','Quod facilis maiores excepturi veniam et voluptatem. Et eius ad odio tempora. Minus quam accusantium libero tempore.',5,'2018-09-10 14:44:25','2018-09-10 14:44:25'),(99,64,'Katrina Reichert III','Aut reprehenderit consectetur mollitia architecto eos odio unde. Unde illum ad at quia deleniti sit. Quaerat sit explicabo aperiam debitis laboriosam non qui culpa. Optio quasi dolor voluptatum consequuntur.',5,'2018-09-10 14:44:25','2018-09-10 14:44:25'),(100,2,'Columbus Schaden','Animi tempora reiciendis delectus id beatae et omnis necessitatibus. Necessitatibus voluptatem architecto quasi consectetur sed nesciunt magnam. Aut aliquam in ipsa quas enim rem non. Eligendi qui enim fugit at rem praesentium voluptatibus labore.',2,'2018-09-10 14:44:25','2018-09-10 14:44:25'),(101,29,'Mr. Chaim Borer','Animi autem facere recusandae quia laboriosam illo tempore. Natus eum quia ducimus magnam exercitationem nihil.',2,'2018-09-10 14:44:25','2018-09-10 14:44:25'),(102,93,'Daryl Howe PhD','Omnis veritatis eum officia ad. Consectetur iste corrupti veritatis. Minima earum numquam blanditiis ratione soluta et. Doloribus nesciunt cupiditate ut qui.',3,'2018-09-10 14:44:25','2018-09-10 14:44:25'),(103,45,'Heber Roberts','Neque odit accusantium iusto eveniet sit. Dolor natus nihil maiores ducimus facilis atque maiores. Quod neque quod sit possimus aperiam aspernatur vel. Non ut nam quisquam facere.',4,'2018-09-10 14:44:25','2018-09-10 14:44:25'),(104,31,'Daisha Hammes','Qui a eveniet harum. Minus accusantium est velit et natus amet aut. Dignissimos vel incidunt at consequatur iste.',0,'2018-09-10 14:44:25','2018-09-10 14:44:25'),(105,69,'Prof. Johathan Pollich V','Nihil est tenetur quia. Quas qui nulla ut ut. Inventore officia porro omnis tenetur voluptatem quasi. Alias ullam et saepe culpa.',0,'2018-09-10 14:44:25','2018-09-10 14:44:25'),(106,94,'Bailey Keeling','Omnis eum sint excepturi accusamus dicta. Recusandae nihil ea recusandae perferendis consequuntur itaque. Praesentium cum odit possimus ea aut at.',0,'2018-09-10 14:44:25','2018-09-10 14:44:25'),(107,31,'Dillan Rosenbaum','Nihil consequatur doloribus pariatur perferendis. Voluptas odit occaecati fugiat dignissimos iusto. Officia et eius itaque sunt.',3,'2018-09-10 14:44:26','2018-09-10 14:44:26'),(108,16,'Miller Kerluke','Voluptatibus cupiditate ut est aut tempore natus soluta. Quibusdam suscipit aut tempora accusamus. Quisquam iusto eveniet est numquam molestias est nulla. Quos velit eveniet officia nobis vero ut.',4,'2018-09-10 14:44:26','2018-09-10 14:44:26'),(109,27,'Yasmeen O\'Keefe','Sed aliquid fuga alias aperiam et ad. Dolorum praesentium quia hic quo nihil ipsa consequatur. Officia sit facere maxime nostrum sapiente et. Mollitia repudiandae illum iusto.',0,'2018-09-10 14:44:26','2018-09-10 14:44:26'),(110,54,'Conor Senger','Omnis repellat illo veniam quis laboriosam cumque. Modi est voluptatem minima et dignissimos optio. Sed mollitia autem et.',4,'2018-09-10 14:44:26','2018-09-10 14:44:26'),(111,95,'Brain Boyer','Excepturi dolorem sint dignissimos rerum quo incidunt. Ab sit voluptas nihil sequi ducimus rem tempora. Id vel est nihil. Iusto dolorum eos et blanditiis maxime dolorum voluptatum.',0,'2018-09-10 14:44:26','2018-09-10 14:44:26'),(112,27,'Lemuel Reichel','Iure id aut quos et atque quo et. Qui et mollitia porro. Architecto neque at quisquam ut voluptas.',0,'2018-09-10 14:44:26','2018-09-10 14:44:26'),(113,60,'Ms. Providenci Mohr','Est commodi ut asperiores in voluptatibus odio. Rem non numquam quibusdam dolor repudiandae. Et ullam alias tempore harum libero iure omnis alias.',2,'2018-09-10 14:44:26','2018-09-10 14:44:26'),(114,83,'Antonette Zemlak','Architecto earum dolorem adipisci ratione aut. Dolor sunt ex autem quibusdam quo. Sint fuga consequatur labore beatae.',4,'2018-09-10 14:44:26','2018-09-10 14:44:26'),(115,70,'Sunny Willms','Tempora ut autem et rem facere quia autem. Et soluta ut sint.',2,'2018-09-10 14:44:26','2018-09-10 14:44:26'),(116,58,'Mr. Jerod Marks V','Voluptatem atque ut repellendus rerum. Laboriosam velit debitis quam neque sed. Autem quia ipsum fugiat minus nam.',0,'2018-09-10 14:44:26','2018-09-10 14:44:26'),(117,50,'Petra Russel','Voluptatum saepe molestiae rerum quis est fuga atque. Asperiores vero ut atque suscipit. Aperiam cupiditate facilis ipsa laboriosam ea consequatur hic.',5,'2018-09-10 14:44:26','2018-09-10 14:44:26'),(118,78,'Nicklaus Dibbert III','Deserunt ut sint voluptatem dolor quia omnis assumenda et. Iure distinctio consequatur nihil aliquam deleniti et id dolores. Ipsum aut a incidunt ipsam dolores quos officia.',5,'2018-09-10 14:44:26','2018-09-10 14:44:26'),(119,59,'Kristoffer Macejkovic','Doloremque quae eos quas corrupti aliquam hic aliquam. Recusandae aperiam sit vero eos fugiat. Odit corporis aliquid et ut earum ex quo. Sed ipsam placeat rerum sed.',4,'2018-09-10 14:44:26','2018-09-10 14:44:26'),(120,91,'Mrs. Justine Ferry','Dolores voluptatem nisi aspernatur nulla est aliquam accusantium. Tempora amet ut voluptatum vel. Velit ducimus labore ad eveniet quidem magnam id. Voluptates quia porro quibusdam iure qui quia.',1,'2018-09-10 14:44:26','2018-09-10 14:44:26'),(121,40,'Dr. Erin Kulas','Adipisci quia quia eligendi consectetur asperiores enim. Non ab vero error qui illum saepe omnis. Quos vero debitis molestiae qui.',5,'2018-09-10 14:44:26','2018-09-10 14:44:26'),(122,42,'Cristopher Hane','Aut architecto et quis perspiciatis. Quos aut ut eaque sunt enim quam sit. Rem fugiat veniam quae deleniti est ratione inventore consectetur.',1,'2018-09-10 14:44:26','2018-09-10 14:44:26'),(123,73,'Hudson Metz','Architecto iure rem ea reprehenderit enim. Labore voluptatem repudiandae deserunt provident. Velit nam et esse sint sed officia. Adipisci numquam necessitatibus eos natus est. Dolores ad ab odit aut.',1,'2018-09-10 14:44:26','2018-09-10 14:44:26'),(124,6,'Graciela Davis MD','Dolorum dolor placeat magni vel quisquam. Dolorem dolorum ut consequatur reiciendis ut sint ex. Dolor est ducimus dolor nostrum quis nulla ad. Nesciunt aliquam ut dolorum aut non.',2,'2018-09-10 14:44:26','2018-09-10 14:44:26'),(125,71,'Therese Schulist','Temporibus exercitationem aliquid voluptates aut ducimus deserunt. Quaerat rerum quo nostrum accusamus sed aliquam odio reiciendis. Inventore quia repudiandae omnis deserunt explicabo mollitia. Vel ut necessitatibus sed quos omnis enim.',4,'2018-09-10 14:44:26','2018-09-10 14:44:26'),(126,56,'Prof. Jevon Kertzmann','Recusandae incidunt ad vitae possimus. Laboriosam cum consequuntur fuga. Ut ex atque est molestiae eius id quia. Quibusdam rerum saepe animi quam sit sunt.',1,'2018-09-10 14:44:26','2018-09-10 14:44:26'),(127,61,'Prof. Clementine Rutherford MD','Sit quibusdam dolor sapiente corporis ea. Ut minima tempore repellat iste quas perspiciatis illo. Mollitia amet ut et consequatur quos.',4,'2018-09-10 14:44:26','2018-09-10 14:44:26'),(128,45,'Aurelia Ebert','Quis doloribus nihil sunt commodi non. Quos illo culpa inventore at optio magni at. Nostrum sed omnis et debitis accusamus repudiandae quos. Ut incidunt magnam veniam velit recusandae optio dignissimos aut.',3,'2018-09-10 14:44:26','2018-09-10 14:44:26'),(129,98,'Marcus Brekke','Delectus facere harum inventore perspiciatis corrupti veniam maxime. Aut non repellat ea atque culpa aut illo. Culpa aut assumenda qui rerum cum. Facilis neque saepe recusandae.',0,'2018-09-10 14:44:26','2018-09-10 14:44:26'),(130,61,'George Erdman','Quod est qui sit voluptas nemo nam. Nam in vitae officia corporis quam ipsa. Repellat qui sapiente corporis earum. Velit vel quo et dolorum quisquam dolores vitae. Et tenetur dolorem suscipit sit est quam.',1,'2018-09-10 14:44:26','2018-09-10 14:44:26'),(131,6,'Garland Green','Officiis voluptatibus et rem corporis qui ab numquam. Velit modi quos ipsum odit eius sint aut provident. Et dolore maxime quo ad facilis facere.',3,'2018-09-10 14:44:27','2018-09-10 14:44:27'),(132,83,'Dr. Dashawn Mayert IV','Voluptatibus expedita debitis neque corporis. Quos numquam autem dolor error. Excepturi eum inventore nihil ab nesciunt voluptatem exercitationem. Optio officiis unde quod vero et sapiente assumenda.',2,'2018-09-10 14:44:27','2018-09-10 14:44:27'),(133,7,'Mr. Simeon Trantow','Sunt est sunt rerum dolorem et culpa. Sint sit possimus fuga aliquid aperiam libero vel. Atque suscipit eos ea rerum. Quaerat harum fugiat ullam explicabo deserunt ab aut.',4,'2018-09-10 14:44:27','2018-09-10 14:44:27'),(134,48,'Creola Marvin PhD','Aliquam qui molestias optio dolores aut nulla. Ullam et nulla nulla quo.',3,'2018-09-10 14:44:27','2018-09-10 14:44:27'),(135,65,'Prof. Aric Gerhold Sr.','Ex ipsam voluptates quis et nesciunt pariatur minus. Dolores nisi aperiam sit earum quia. Iste eum voluptatem est aliquam beatae id. Tenetur ut id autem nemo fuga. Voluptatem molestiae eveniet soluta.',2,'2018-09-10 14:44:27','2018-09-10 14:44:27'),(136,66,'Ciara Quitzon','Debitis sunt quas error quia iure. Et rem eaque ab. Alias repellendus eaque quia eaque quo et nulla. Illo odit quas eos eveniet.',5,'2018-09-10 14:44:27','2018-09-10 14:44:27'),(137,61,'Tess Hoeger','Ducimus ea est id et consequuntur velit libero. Unde qui sed excepturi quos quod. Doloribus atque ea eaque aut magnam.',1,'2018-09-10 14:44:27','2018-09-10 14:44:27'),(138,77,'Gillian Johnson','Eaque voluptates quidem similique pariatur. Iste rerum reiciendis quae nobis quia corporis non. Aut ipsa maiores ut iure voluptatem. Autem reiciendis fugiat rerum molestiae.',4,'2018-09-10 14:44:27','2018-09-10 14:44:27'),(139,80,'Cortez Kihn','Saepe aut qui aut qui amet. Illum consequatur velit mollitia veniam ut ut inventore. Sint tempora veniam nisi deserunt omnis. Placeat iusto necessitatibus reiciendis sit qui. Non iusto dolores porro numquam sunt repellat aspernatur.',1,'2018-09-10 14:44:27','2018-09-10 14:44:27'),(140,72,'Emelie Pouros','Animi vero quis numquam dolor ad maxime. Ab autem quia vitae mollitia debitis rerum.',0,'2018-09-10 14:44:27','2018-09-10 14:44:27'),(141,23,'Koby Haag','Beatae atque alias ad explicabo possimus est. Veritatis similique explicabo sit aperiam laudantium et voluptatem.',0,'2018-09-10 14:44:27','2018-09-10 14:44:27'),(142,15,'Flossie Powlowski','Praesentium molestiae inventore eos non rerum necessitatibus. Eius quasi fugit possimus quia molestiae aut sit. Nemo laborum et dolore aliquid sed. Ea tenetur perspiciatis quibusdam dolor vel consequuntur molestiae.',5,'2018-09-10 14:44:27','2018-09-10 14:44:27'),(143,25,'Lamar Wisoky','Iusto autem nesciunt ab possimus consequatur. Quia ut eaque quo qui sit. Dolorem dolor doloribus occaecati quia hic modi. Fugiat nesciunt optio aut dolorem architecto ex illum.',0,'2018-09-10 14:44:27','2018-09-10 14:44:27'),(144,37,'Prof. Cecile Windler','Qui non ullam maiores unde quis. Dicta sint ex nisi rerum aliquam officia quia. Ipsam itaque alias qui dolorem. Labore consectetur amet sunt eos autem ut voluptatibus. Non perferendis quo sit quis perferendis.',1,'2018-09-10 14:44:27','2018-09-10 14:44:27'),(145,41,'Mr. Marcel O\'Connell','Deleniti exercitationem fuga est et molestiae et sunt. Dolores voluptatem eligendi vel non. Voluptate placeat quisquam voluptatem reiciendis perspiciatis quas soluta.',1,'2018-09-10 14:44:27','2018-09-10 14:44:27'),(146,73,'Sophia Simonis','Reprehenderit quis vel voluptatibus optio labore. Est sunt qui excepturi repellat. Sequi eligendi iste sunt quia. Deserunt consequatur alias porro.',1,'2018-09-10 14:44:27','2018-09-10 14:44:27'),(147,92,'Dr. Kali McCullough IV','Distinctio voluptatum hic tenetur repellat. Molestiae modi odit sequi sequi exercitationem quasi. Beatae voluptate omnis atque iure est sed mollitia. Libero repellendus voluptatum aliquam eos possimus.',0,'2018-09-10 14:44:27','2018-09-10 14:44:27'),(148,62,'Alverta Wiza','Aut quo consequuntur quisquam sunt aut consectetur sint. Deleniti quidem unde necessitatibus occaecati amet voluptas. Et earum dolore veniam. Deleniti voluptatem beatae recusandae deserunt placeat sunt quia.',5,'2018-09-10 14:44:27','2018-09-10 14:44:27'),(149,75,'Lea Schmidt PhD','Laborum debitis veniam aut. Omnis impedit dolorum error ex aut magnam ducimus iste. Exercitationem neque illo autem quaerat. Nobis soluta placeat itaque eos eveniet et ut.',2,'2018-09-10 14:44:27','2018-09-10 14:44:27'),(150,14,'Perry Krajcik','A quo tempora quia ipsum sunt. Nihil voluptates est autem facilis repellat architecto. Harum ipsam qui recusandae exercitationem.',1,'2018-09-10 14:44:27','2018-09-10 14:44:27'),(151,46,'Palma Rolfson','Et enim consequatur commodi. Sequi occaecati nemo debitis alias et. Exercitationem ut aut voluptate modi.',4,'2018-09-10 14:44:27','2018-09-10 14:44:27'),(152,10,'Prof. Sim Trantow','Id et quia totam nihil. Nostrum excepturi totam amet.',5,'2018-09-10 14:44:27','2018-09-10 14:44:27'),(153,90,'Rafaela Rempel','Ut beatae eaque eaque ex sit et qui. Tempora tenetur vel eaque nulla beatae animi. Voluptatem totam quo qui. Dolorum voluptatem distinctio mollitia facere quia est.',5,'2018-09-10 14:44:27','2018-09-10 14:44:27'),(154,18,'Jacynthe Hermiston','Aperiam ullam eius similique enim voluptatem quam. Cumque asperiores porro praesentium est sint. Aspernatur expedita aut ea aut nihil quibusdam. Veritatis ut quas totam ut.',4,'2018-09-10 14:44:28','2018-09-10 14:44:28'),(155,38,'Valentin Aufderhar','Qui reiciendis fugit accusamus ab dolorum. Doloremque aut eos quis repudiandae odit minus nobis aspernatur. Aut sapiente quis possimus blanditiis dolore. Rerum odit sit non nihil.',1,'2018-09-10 14:44:28','2018-09-10 14:44:28'),(156,43,'Shirley Hyatt','Molestias est rerum autem minima minima. Sit sed quis odit iusto distinctio. Dolore doloribus dolores excepturi unde numquam nobis beatae. Rerum ut illo natus necessitatibus laborum. Voluptas officia qui est ut modi nobis accusantium et.',4,'2018-09-10 14:44:28','2018-09-10 14:44:28'),(157,54,'Katrina Crooks','Doloribus quaerat voluptas natus ea qui neque. Sit laudantium et alias officia aut cupiditate. Iste non dolorem recusandae et nam. Nihil ut aut culpa deserunt.',0,'2018-09-10 14:44:28','2018-09-10 14:44:28'),(158,1,'Arnold Keeling','Consectetur ea consequatur cum quaerat qui. Deserunt ipsum labore veniam doloribus sed optio facere. Sunt expedita aut tempora officiis quasi aut.',1,'2018-09-10 14:44:28','2018-09-10 14:44:28'),(159,5,'Nolan Bogisich','Ipsam non tempore voluptatibus autem delectus. Fuga et deleniti praesentium amet eum id nihil. Aut corrupti debitis et quaerat repellat dignissimos qui. Ut maiores error consequatur.',4,'2018-09-10 14:44:28','2018-09-10 14:44:28'),(160,21,'Jensen Orn','Amet tempora qui tenetur est saepe earum nihil. Pariatur recusandae veritatis molestiae nisi enim nemo. Autem sequi rerum odio quaerat consectetur. Sed et sed voluptas sit ea nulla.',3,'2018-09-10 14:44:28','2018-09-10 14:44:28'),(161,46,'Tomasa Schuppe','Est expedita et eaque tenetur et qui totam. Pariatur aut qui officia tempora.',3,'2018-09-10 14:44:28','2018-09-10 14:44:28'),(162,70,'Ursula Kunde','Recusandae in et maxime consequatur. Quo quas error quibusdam cupiditate. Sit aliquid non cupiditate magni deserunt impedit et. At quia aut labore autem eius eos. Consectetur ipsam aperiam deleniti voluptas.',0,'2018-09-10 14:44:28','2018-09-10 14:44:28'),(163,2,'Juliet Batz','Quia nisi veniam ea eos. Veniam voluptas nobis vero vero quia. At recusandae odio fuga labore natus. Labore amet et pariatur laborum laboriosam. Ullam sit voluptas ad similique.',3,'2018-09-10 14:44:28','2018-09-10 14:44:28'),(164,35,'Prof. Madonna Gleichner II','Modi consectetur eum tempora natus maxime eos nihil similique. Debitis iste rerum velit quia ab dolor impedit. Voluptatem quam aut animi soluta et rerum porro. Sed ducimus quo occaecati aut.',5,'2018-09-10 14:44:28','2018-09-10 14:44:28'),(165,25,'Brando Moore','Dolor explicabo voluptatem hic. Aut omnis sed et pariatur beatae molestiae perspiciatis esse. Animi velit in excepturi et inventore nobis similique.',3,'2018-09-10 14:44:28','2018-09-10 14:44:28'),(166,91,'Josephine Streich IV','Esse est aut soluta aut labore qui eaque unde. Eius ex quibusdam enim nihil quibusdam animi. Reprehenderit fugiat asperiores dolore blanditiis sint.',3,'2018-09-10 14:44:28','2018-09-10 14:44:28'),(167,45,'Mrs. Makayla Oberbrunner','Ut perferendis aut delectus maiores nostrum. Reiciendis eaque consequuntur aspernatur saepe provident animi quia. Suscipit aut corporis dolore aut a repudiandae qui.',2,'2018-09-10 14:44:28','2018-09-10 14:44:28'),(168,57,'Judson Upton','Ad animi eos quia ipsa aut. Nesciunt consectetur corrupti voluptatum et tempora. Quo autem deleniti facilis est. Fugit et et ut voluptatem consectetur consequatur ea ut.',1,'2018-09-10 14:44:28','2018-09-10 14:44:28'),(169,26,'Jenifer Turcotte','Voluptates architecto atque quis. Autem et enim id quibusdam reiciendis et. Debitis totam itaque ex aut. Perferendis ut tempore modi voluptatem.',2,'2018-09-10 14:44:28','2018-09-10 14:44:28'),(170,80,'Leanna Veum','Libero cumque fugiat aut est voluptatum harum rerum. Officiis iusto autem facilis natus. Commodi provident tempora in dolorem nesciunt labore at. Officiis deserunt eaque ullam natus.',4,'2018-09-10 14:44:28','2018-09-10 14:44:28'),(171,63,'Hortense Hoppe','Quis et ea tenetur est nisi unde culpa. Ipsa et quasi consequatur id voluptas tenetur dolore. Esse quod est velit corporis eligendi.',5,'2018-09-10 14:44:28','2018-09-10 14:44:28'),(172,19,'Baron Ritchie','Aliquam illo cumque id dicta laborum asperiores incidunt. Nisi enim non et perspiciatis.',2,'2018-09-10 14:44:28','2018-09-10 14:44:28'),(173,64,'Christy Satterfield','Laboriosam ut amet harum. Sed saepe doloremque et voluptas. Dolor molestiae consequatur minus ullam voluptatem ipsum. Consequatur quo sapiente neque ab.',4,'2018-09-10 14:44:28','2018-09-10 14:44:28'),(174,66,'Ms. Ashley Strosin','Non consequatur repudiandae quia quo et. Eos doloribus molestiae fugit modi ab distinctio. Quia ut voluptatem exercitationem et dicta illum.',5,'2018-09-10 14:44:29','2018-09-10 14:44:29'),(175,60,'Mark Beier','Est vel ut debitis earum cum. Laborum eos sed quo minus qui qui dolorum. Consequatur velit aut voluptatibus repellendus quod repellendus.',3,'2018-09-10 14:44:29','2018-09-10 14:44:29'),(176,2,'Rosetta Wilderman','Ut aut provident ut eum. Placeat sint impedit nisi amet deleniti qui. Aut consequatur assumenda iste nisi nisi maxime animi aspernatur.',2,'2018-09-10 14:44:29','2018-09-10 14:44:29'),(177,65,'William Kshlerin','Recusandae dolorem commodi corporis dolorum quisquam error. Sint ea in et quod. Distinctio est animi quia sit ad ut.',5,'2018-09-10 14:44:29','2018-09-10 14:44:29'),(178,73,'Jettie Schroeder DDS','Nihil vero architecto omnis numquam ut occaecati. Sit hic omnis et quam. Ut aperiam maiores ut a. Numquam facere laboriosam et eum molestias molestiae consequatur.',1,'2018-09-10 14:44:29','2018-09-10 14:44:29'),(179,4,'Prof. Lauren Donnelly','Voluptatem repudiandae sapiente illo inventore numquam atque quae. Et autem eum quam corrupti. Eos cupiditate minus veniam sed error enim sit nihil. Ducimus nisi ab enim qui tempora porro vel. Ullam est voluptatem saepe.',0,'2018-09-10 14:44:29','2018-09-10 14:44:29'),(180,80,'Annamae Green','Sapiente delectus itaque quo nulla sed enim. Nihil doloremque placeat repellendus nobis. Est dolorem eaque vel sapiente. Quibusdam provident rerum dicta repellendus sed amet. Voluptatibus numquam quis qui.',2,'2018-09-10 14:44:29','2018-09-10 14:44:29'),(181,96,'Esperanza Huel','Est excepturi sit consectetur esse velit. Rerum magni aut qui esse maiores. Dolor non corrupti quis quasi eaque. Non nihil dignissimos optio odit ut non dicta dicta.',4,'2018-09-10 14:44:29','2018-09-10 14:44:29'),(182,75,'Mr. Jerome Welch MD','Occaecati ea praesentium possimus. Corrupti impedit et voluptatem. Nulla nihil rerum non.',0,'2018-09-10 14:44:29','2018-09-10 14:44:29'),(183,41,'Prof. Greta Koelpin','Vero deserunt voluptatem nihil ut fuga. Alias omnis magni distinctio. Qui dolore quibusdam magnam consequatur sit consequatur architecto. Qui perferendis dicta similique.',5,'2018-09-10 14:44:29','2018-09-10 14:44:29'),(184,81,'Miss Loma Schultz PhD','Aut explicabo consequatur inventore est similique deserunt qui. Dolor ut ut molestias tempore. Laborum ex similique repudiandae aliquam.',1,'2018-09-10 14:44:29','2018-09-10 14:44:29'),(185,39,'Prof. Aurore Dicki','Qui ut quibusdam nulla. Delectus et dolorum odio rerum voluptatem. Autem enim sed iste error odio quo quia.',2,'2018-09-10 14:44:29','2018-09-10 14:44:29'),(186,32,'Oceane Hauck II','Porro nulla praesentium voluptatem eveniet. Ducimus corrupti laudantium atque architecto eum nesciunt veritatis.',4,'2018-09-10 14:44:29','2018-09-10 14:44:29'),(187,84,'Selina Schmeler','Vero voluptates alias suscipit id repudiandae quia sit. Magni quas cumque dolores aspernatur autem provident. Eum dignissimos aut error minima quia perspiciatis minima.',4,'2018-09-10 14:44:29','2018-09-10 14:44:29'),(188,25,'Ludie Reichert','Hic voluptatem autem molestiae fugiat repudiandae autem magni. Non in sed voluptatibus aut ratione quibusdam aliquam. Voluptas atque temporibus beatae maxime esse earum temporibus.',0,'2018-09-10 14:44:29','2018-09-10 14:44:29'),(189,30,'Dr. Anita Strosin','Porro qui eaque distinctio sed id quia. Distinctio molestias similique libero esse in rerum. Culpa saepe corrupti reiciendis vel ea consequatur.',1,'2018-09-10 14:44:29','2018-09-10 14:44:29'),(190,56,'Harrison Simonis II','Vitae eos omnis ad tenetur sit eos id. Velit dolorum odio molestiae odit nostrum consectetur suscipit commodi. Impedit unde facilis voluptas. Et velit rerum ex quia.',3,'2018-09-10 14:44:29','2018-09-10 14:44:29'),(191,99,'Jesse Ortiz','Nobis illo dignissimos aliquam perspiciatis error consequatur. Iusto omnis numquam architecto dolore doloremque vero eum. Qui exercitationem adipisci ipsa totam.',5,'2018-09-10 14:44:29','2018-09-10 14:44:29'),(192,78,'Herta Stokes','Totam omnis inventore sit et. Deserunt aperiam qui et sunt temporibus. Quis magnam aut provident quibusdam eum. Vitae et eos ea quae consequatur.',3,'2018-09-10 14:44:29','2018-09-10 14:44:29'),(193,79,'Dr. Madelyn Eichmann DDS','Qui sapiente odit dolorem unde eveniet enim. Esse dicta iusto molestiae cumque doloribus ut nihil. Repellendus delectus porro sed est nulla.',0,'2018-09-10 14:44:29','2018-09-10 14:44:29'),(194,62,'Willow Vandervort','Aliquid voluptatem quaerat et rerum. Saepe labore architecto distinctio quis illum impedit voluptatum. Repellat aut est sed ipsa provident minus. Enim ducimus asperiores ipsa. Quasi pariatur ut vero laborum.',2,'2018-09-10 14:44:29','2018-09-10 14:44:29'),(195,89,'Sadye Daniel','Eius quo tempore possimus dolore quia voluptatum tempore voluptatibus. Et quaerat maxime quidem. Laudantium aut eos ea accusamus.',1,'2018-09-10 14:44:29','2018-09-10 14:44:29'),(196,25,'Queenie Grimes I','Veniam voluptatem voluptas doloribus asperiores error nesciunt sed. Necessitatibus nostrum doloribus cumque repudiandae aut culpa aut. Repudiandae sunt omnis culpa iure distinctio et voluptas. Velit saepe omnis necessitatibus.',0,'2018-09-10 14:44:29','2018-09-10 14:44:29'),(197,64,'Jacquelyn Trantow','Et harum consequatur quia rerum consequatur doloribus culpa. Quibusdam dolor voluptatem mollitia sit asperiores qui. Rerum est ut repellat voluptas cupiditate.',1,'2018-09-10 14:44:29','2018-09-10 14:44:29'),(198,43,'Demarco Parker Sr.','Consequatur corrupti laboriosam consequatur rerum amet quas sunt. Laboriosam eum accusantium rerum quibusdam. Perferendis sequi illo excepturi assumenda laudantium in quia. Est accusamus eos suscipit consectetur.',3,'2018-09-10 14:44:30','2018-09-10 14:44:30'),(199,29,'Weston Veum II','Provident facilis deleniti nulla eaque. Incidunt quo repellat doloremque sed mollitia id voluptatem qui.',2,'2018-09-10 14:44:30','2018-09-10 14:44:30'),(200,31,'Alda Rolfson','Aliquid error animi hic maxime. A qui pariatur officia laboriosam nesciunt et sed. Pariatur cum omnis odit quisquam veniam vero. Maxime quaerat omnis voluptas sed facilis numquam. Aut voluptate sunt et magnam fugit blanditiis.',5,'2018-09-10 14:44:30','2018-09-10 14:44:30'),(201,65,'Lee Anderson','Sunt qui ratione et. Odit commodi minus est. Architecto sit eum distinctio quis. Sit qui dolor explicabo. Vitae aspernatur ut totam aut.',2,'2018-09-10 14:44:30','2018-09-10 14:44:30'),(202,33,'Prof. Jairo Sauer','Sunt tempora ut autem tempora amet sed. Et et dolorem minus dolorem sint iste ut. Veniam dolor in ut architecto corporis aut quis.',1,'2018-09-10 14:44:30','2018-09-10 14:44:30'),(203,17,'Eva Rohan','Labore aut architecto incidunt quisquam cum culpa. Quo aspernatur tempore mollitia et. Et non occaecati ipsam numquam fugit dolores aut.',5,'2018-09-10 14:44:30','2018-09-10 14:44:30'),(204,12,'Tiffany Auer','Laudantium libero esse laborum consequatur ab a rerum. Quod ut ut veritatis quas ut ab dolore. Dolorem unde voluptatum minus sequi sequi velit.',2,'2018-09-10 14:44:30','2018-09-10 14:44:30'),(205,15,'Sunny Rutherford','Et illo quia a rerum error. Officiis ad aut illum enim ad culpa quos velit.',5,'2018-09-10 14:44:30','2018-09-10 14:44:30'),(206,88,'Myrtis Stracke II','Itaque et omnis sed. Molestias nulla ut et consequatur est. Delectus quia placeat quia incidunt tenetur similique.',5,'2018-09-10 14:44:30','2018-09-10 14:44:30'),(207,38,'Miss Aniyah Jerde II','Aut nobis eos corrupti velit et. Quasi modi dolor iusto. Distinctio voluptatem id nesciunt quasi sed ut ea.',4,'2018-09-10 14:44:30','2018-09-10 14:44:30'),(208,66,'Telly Kemmer','Eligendi eos velit ut at. Voluptatibus veniam molestiae adipisci suscipit sit nostrum. Est totam quasi at maxime nihil cupiditate et. Perferendis quo aut quae quia sed aut et. Numquam ullam aut quidem voluptatem rerum numquam.',4,'2018-09-10 14:44:30','2018-09-10 14:44:30'),(209,7,'Mazie Torp','Aut ipsa fugit illo aperiam quibusdam est aut. Consequuntur fugiat at vero quam. Dolorum voluptatibus fuga cupiditate.',0,'2018-09-10 14:44:30','2018-09-10 14:44:30'),(210,20,'Mrs. Lolita Farrell DVM','Nam quod aliquam beatae animi ut. Vitae et ut magnam accusantium qui beatae. Consequatur enim perspiciatis expedita officiis voluptate recusandae.',0,'2018-09-10 14:44:30','2018-09-10 14:44:30'),(211,99,'Arnulfo Luettgen','Voluptatem itaque voluptas dolorem. Ea excepturi eaque repellat soluta placeat hic illo. Culpa fugit quia ut neque minima autem quos. Nihil labore nobis voluptas totam.',4,'2018-09-10 14:44:30','2018-09-10 14:44:30'),(212,99,'Mr. Mariano Miller I','Eius hic nostrum nulla numquam est inventore soluta. Officia magnam sed suscipit. Nisi ullam placeat amet id omnis qui distinctio. Non laborum dolores sit illum.',4,'2018-09-10 14:44:30','2018-09-10 14:44:30'),(213,24,'Savanna Wilderman','Facilis qui nihil veniam labore amet iusto consequatur. Illum accusantium blanditiis alias molestias et. Eos recusandae et ipsam reiciendis minima dolor enim.',4,'2018-09-10 14:44:30','2018-09-10 14:44:30'),(214,28,'Jasper Ernser','Perspiciatis dolorem tempora temporibus reprehenderit ut voluptatem. Aut harum ipsam vitae debitis. Eum omnis fugiat impedit aut dolor.',2,'2018-09-10 14:44:30','2018-09-10 14:44:30'),(215,67,'Madelynn Cronin','Possimus explicabo dolore odio odit officiis eos qui rerum. Est ex ut id iste. Qui soluta est et eveniet saepe aut.',4,'2018-09-10 14:44:30','2018-09-10 14:44:30'),(216,23,'Wilhelmine McKenzie','Qui eos nemo necessitatibus qui culpa. Magni fuga culpa cumque veritatis nesciunt.',1,'2018-09-10 14:44:30','2018-09-10 14:44:30'),(217,26,'Maryjane Kerluke','Similique voluptate deleniti ducimus deleniti tempore sit qui incidunt. Magni culpa cumque id voluptate. Accusantium autem vitae velit cum delectus quis.',1,'2018-09-10 14:44:30','2018-09-10 14:44:30'),(218,91,'Miss Cathrine Kassulke Sr.','Repellat sint cum quod enim sunt autem voluptatem. Minima similique architecto consequatur vitae nobis. Ut voluptates ducimus omnis non enim rerum unde.',4,'2018-09-10 14:44:30','2018-09-10 14:44:30'),(219,1,'Prof. Ada Lynch Sr.','Aut et voluptas praesentium ducimus reiciendis vel vel. Minus accusamus velit sed illum harum magnam. Rerum cumque cumque nobis et est omnis. Exercitationem amet quia consequatur omnis animi.',5,'2018-09-10 14:44:31','2018-09-10 14:44:31'),(220,58,'Mariam Halvorson','Ut non sed ut enim autem. Eligendi blanditiis voluptas eius officia. Nesciunt voluptatem fugit cum et nesciunt qui. Eaque dolorem dolor esse autem quia. Sapiente corrupti ipsam et harum.',2,'2018-09-10 14:44:31','2018-09-10 14:44:31'),(221,62,'Trey Goodwin','Nemo nihil sit enim cumque non. Neque enim iure voluptatum dolore ut ut. Nostrum mollitia et laudantium facilis aliquid voluptatibus. Ea ipsa nemo qui iste.',3,'2018-09-10 14:44:31','2018-09-10 14:44:31'),(222,32,'Freida Walsh','Sed omnis saepe corrupti eaque. Consequatur ex ut qui corporis. Incidunt dolorem quaerat autem tenetur quaerat accusantium ad dignissimos.',5,'2018-09-10 14:44:31','2018-09-10 14:44:31'),(223,81,'Clementina Brakus','Consequuntur cumque architecto nulla modi qui sequi ex. Nihil unde deleniti repellendus in. Eum molestiae dolores exercitationem ipsum.',3,'2018-09-10 14:44:31','2018-09-10 14:44:31'),(224,64,'Adela Weber','Nisi fugiat cum atque voluptas esse sequi. Esse tempora dolorem sed autem temporibus laborum. Maiores nihil voluptates et est reiciendis consequatur quos.',3,'2018-09-10 14:44:31','2018-09-10 14:44:31'),(225,16,'Prof. Hayley Herman','Quae magni ut ut est ut. Consequatur mollitia alias impedit rerum aliquid ad alias. Laudantium officia consequatur perspiciatis ullam autem quaerat. Sint nisi neque sapiente odit modi consequuntur. Repudiandae quia molestiae et.',2,'2018-09-10 14:44:31','2018-09-10 14:44:31'),(226,62,'Loma Conroy','Nihil et atque laboriosam. Enim eligendi sint quia. Animi illum voluptatum nemo deleniti id. Molestiae et in et nesciunt assumenda.',4,'2018-09-10 14:44:31','2018-09-10 14:44:31'),(227,29,'Rhea Runte','Beatae laudantium quia sed nihil et officia voluptas. Harum minus tenetur est et voluptate harum architecto repudiandae. Voluptates voluptatem dolore molestias enim. Nostrum explicabo asperiores illo nam voluptatem nostrum.',5,'2018-09-10 14:44:31','2018-09-10 14:44:31'),(228,26,'Javier Kulas DDS','Cum aut ut quis incidunt. Ea asperiores iure aut dolor quam. Dicta nisi quam omnis magni magnam in officiis facere.',3,'2018-09-10 14:44:31','2018-09-10 14:44:31'),(229,66,'Dr. Ryleigh Denesik','Nemo earum quo sed magnam facilis eligendi. Libero earum saepe officiis alias adipisci. Voluptatem consequatur explicabo modi ea. Voluptatem in esse facere delectus quidem deserunt.',3,'2018-09-10 14:44:31','2018-09-10 14:44:31'),(230,66,'Jamarcus Gulgowski IV','Sed dolorem dolor labore aliquid itaque odit. Consequatur iure repellendus velit est libero quaerat.',4,'2018-09-10 14:44:31','2018-09-10 14:44:31'),(231,26,'Frank Batz','Vitae qui non ut. Quam et veritatis libero et.',2,'2018-09-10 14:44:31','2018-09-10 14:44:31'),(232,53,'Carlie McGlynn','Illum nulla unde consequatur libero quia culpa. Nobis sequi possimus cum qui beatae laboriosam blanditiis aspernatur. Quo voluptatem ab asperiores quia eaque et.',0,'2018-09-10 14:44:31','2018-09-10 14:44:31'),(233,56,'Dr. Clarabelle Larson','Illum maxime totam debitis necessitatibus. Corporis rerum et dolores dolore dicta quo quasi.',3,'2018-09-10 14:44:31','2018-09-10 14:44:31'),(234,40,'America Wolf','Et ducimus et deserunt quam qui. Et neque est repellat. Et vel non aliquid in id voluptatem. Aut consequatur at nulla consectetur consequuntur dolorem.',5,'2018-09-10 14:44:31','2018-09-10 14:44:31'),(235,50,'Amara Altenwerth','Itaque temporibus fuga aspernatur veniam itaque sapiente eos exercitationem. Soluta architecto dolores quas velit aliquam. Est laboriosam laudantium enim omnis eveniet cumque.',1,'2018-09-10 14:44:31','2018-09-10 14:44:31'),(236,36,'Mrs. Breanne Zulauf IV','Non ab quos itaque ipsam sed. Iusto et illo est non quibusdam. Fuga quis aperiam consequuntur blanditiis est sit quos. Vel magnam id et corrupti voluptas quia veniam omnis.',0,'2018-09-10 14:44:31','2018-09-10 14:44:31'),(237,48,'Ms. Sylvia Batz MD','Vitae numquam qui assumenda nobis. Qui ut et vitae fuga qui. Aut non nobis nulla. Ut ut veniam facere vitae aut repudiandae.',2,'2018-09-10 14:44:31','2018-09-10 14:44:31'),(238,71,'Barbara Lakin','Libero sit sed autem possimus. Quam quae eos voluptas sed. Sit aut eum et dolorem architecto quo accusantium.',0,'2018-09-10 14:44:31','2018-09-10 14:44:31'),(239,14,'Rodolfo Harvey','Illum quia porro suscipit odio possimus. Cum cumque architecto nisi nobis facere et.',5,'2018-09-10 14:44:31','2018-09-10 14:44:31'),(240,69,'Prof. Amari Schmidt','Eveniet aut harum dicta soluta eveniet. Qui labore modi ipsa quas. Consequatur iure maxime officia quod quos non laudantium temporibus. Qui vero tempora consequatur laboriosam voluptatem quas.',5,'2018-09-10 14:44:31','2018-09-10 14:44:31'),(241,90,'German Gottlieb','Voluptas sit ex et consequuntur dolorem dicta sed. Sint tenetur labore laudantium qui. Nostrum sapiente esse aut debitis nobis. Delectus inventore assumenda ut ducimus adipisci quia eaque.',3,'2018-09-10 14:44:31','2018-09-10 14:44:31'),(242,5,'Prof. Hayley Lesch','Fuga a dolorem atque similique repudiandae consequatur sint sit. Aut voluptatibus eos aperiam unde. Dolor alias aut mollitia inventore suscipit beatae aut.',2,'2018-09-10 14:44:31','2018-09-10 14:44:31'),(243,5,'Ashlynn Wilderman','Voluptatibus occaecati itaque ducimus. Est perspiciatis repellat sunt. Et numquam aut et porro quas.',0,'2018-09-10 14:44:31','2018-09-10 14:44:31'),(244,59,'Dr. Eliza Hermann','Omnis molestiae tempora quis magni deserunt quia fugit. Est quae autem esse unde. Consequuntur a voluptas accusamus fugit.',1,'2018-09-10 14:44:31','2018-09-10 14:44:31'),(245,36,'Kory Erdman II','Ab mollitia ut dolores. Asperiores quae sit sit et consequuntur. Ipsum autem aut provident ut consequatur.',0,'2018-09-10 14:44:32','2018-09-10 14:44:32'),(246,77,'Sharon Bashirian','Molestias quaerat totam et tempore. Maxime ut voluptas non. Omnis placeat quidem voluptatum et eveniet tenetur. Itaque repudiandae a placeat delectus enim id.',5,'2018-09-10 14:44:32','2018-09-10 14:44:32'),(247,41,'Joanie Frami','Reprehenderit delectus et quis repellendus cupiditate assumenda tenetur. Officia aut voluptatibus quaerat perferendis. Adipisci et reprehenderit placeat quibusdam voluptas. Qui quod exercitationem aperiam. Placeat assumenda ex quia qui.',3,'2018-09-10 14:44:32','2018-09-10 14:44:32'),(248,56,'Prof. Alf Kertzmann PhD','Deleniti magnam dolor commodi omnis ut. Consectetur recusandae enim sint voluptatem. Facere maiores ipsa impedit error nobis et. Molestias repudiandae suscipit a nam. Vel expedita quam autem omnis.',2,'2018-09-10 14:44:32','2018-09-10 14:44:32'),(249,31,'Alfreda Bergnaum','Omnis molestiae atque modi asperiores cum voluptas. Inventore atque quas facere.',4,'2018-09-10 14:44:32','2018-09-10 14:44:32'),(250,85,'Eliezer Swift','Officia labore et quos ad consequuntur maiores. Occaecati autem esse nemo.',2,'2018-09-10 14:44:32','2018-09-10 14:44:32'),(251,5,'Miss Cecelia Krajcik','Rem culpa sit accusamus odit minima eum nobis laboriosam. Expedita ut voluptatem minima magnam aliquam.',4,'2018-09-10 14:44:32','2018-09-10 14:44:32'),(252,80,'Lamont Turcotte','Ut quia qui veniam autem vel accusantium. Labore unde ut accusamus est voluptatem minus facere. Quia sit consequatur nisi iure atque enim voluptatem nihil. Voluptatem ex cum praesentium est.',0,'2018-09-10 14:44:32','2018-09-10 14:44:32'),(253,9,'Theo Hermann','Ut ipsam aut neque doloremque in. Cum quidem autem nisi laborum dolor. Cum est reprehenderit ut blanditiis sequi. Expedita excepturi autem libero doloremque.',2,'2018-09-10 14:44:32','2018-09-10 14:44:32'),(254,46,'Marquis Sipes','Aut architecto quo maiores dolor. Aut dolorum odio quis recusandae ut eaque. Est quidem corporis consequatur sed.',5,'2018-09-10 14:44:32','2018-09-10 14:44:32'),(255,94,'Jarod Gutmann','Aspernatur similique aut eos soluta ratione eos deserunt consectetur. Et aut consequatur corrupti illum recusandae animi. Vel commodi aut molestias sed necessitatibus. Iure dolorem maiores reprehenderit ipsa sapiente ab. Neque aut debitis temporibus impedit.',4,'2018-09-10 14:44:32','2018-09-10 14:44:32'),(256,99,'Mr. John Ebert','Unde est aut consequatur doloremque. Quidem earum est sit in dolorem in. Ad odio dolore reiciendis quos. Sed occaecati sed sint.',0,'2018-09-10 14:44:32','2018-09-10 14:44:32'),(257,85,'Prof. Nelson Hudson II','Perferendis quaerat nulla illo et voluptatibus rerum et. Blanditiis quasi fuga sit vero animi veritatis. Consequuntur consequatur vero quia eum minima magnam maiores voluptas. Hic praesentium architecto eveniet officiis optio accusamus.',3,'2018-09-10 14:44:32','2018-09-10 14:44:32'),(258,23,'Prof. Aleen Hayes DDS','Soluta et debitis ea exercitationem rerum aliquam. Vel id itaque quis quas velit nisi cum.',0,'2018-09-10 14:44:32','2018-09-10 14:44:32'),(259,57,'Dr. Halle Bayer III','Explicabo doloribus natus sunt quidem illum veritatis repellendus ex. Officia aut repellat sapiente reiciendis praesentium. Ipsum nostrum rem sequi iusto.',3,'2018-09-10 14:44:32','2018-09-10 14:44:32'),(260,63,'Krista Brown','Fugiat officia blanditiis facilis. Libero eos eos aperiam nisi aut ea. Iste animi suscipit eaque earum impedit eius voluptatem.',4,'2018-09-10 14:44:32','2018-09-10 14:44:32'),(261,7,'Clementina Leannon','Aut eaque rerum voluptatum eligendi dolorum. Illum error sequi neque nesciunt sequi et rerum. Alias accusantium autem rerum vitae tempora quibusdam.',2,'2018-09-10 14:44:32','2018-09-10 14:44:32'),(262,26,'Lottie Conroy','Quos in error deserunt cum molestias. Temporibus rerum voluptatem alias ipsum dolor voluptas. Qui et maiores error nostrum ex commodi aliquam tempora.',1,'2018-09-10 14:44:32','2018-09-10 14:44:32'),(263,93,'Kamren Kuvalis','Aut molestiae magnam aspernatur deserunt. Dolor atque quia corporis nam fugit. Voluptas cumque delectus necessitatibus ut laudantium in et. Recusandae ut doloribus labore nam.',5,'2018-09-10 14:44:32','2018-09-10 14:44:32'),(264,79,'Henry Kozey V','Animi suscipit beatae sed officiis dolorem ut perspiciatis aut. Consequuntur non aut earum laudantium beatae. Mollitia voluptatem expedita qui ut perferendis eligendi similique. Incidunt earum saepe sint at.',2,'2018-09-10 14:44:32','2018-09-10 14:44:32'),(265,95,'Casper Haley','Aut nemo saepe ut quam saepe. Fugiat rerum placeat voluptates voluptatibus dolores veniam totam. Laboriosam ratione et ea quam vero dolorem doloremque.',2,'2018-09-10 14:44:32','2018-09-10 14:44:32'),(266,18,'Jerald Emard','Ipsa et ipsa totam. Ratione quibusdam recusandae qui illo nihil provident aut. Rerum perspiciatis qui eius corporis. Nobis voluptatem blanditiis odio ab.',1,'2018-09-10 14:44:33','2018-09-10 14:44:33'),(267,13,'Daphney Wisoky','Sapiente facilis qui nihil et fugiat molestias veniam. Doloremque quia corrupti doloremque in. Nesciunt voluptatem excepturi voluptatem assumenda quam est eveniet voluptatem. Expedita voluptatem consectetur dolores sint.',0,'2018-09-10 14:44:33','2018-09-10 14:44:33'),(268,73,'Miss Marilou Schroeder','Et dolorem culpa molestiae at repellendus ut fuga sed. Et sint nam ipsum fugiat. Sint unde accusamus aut consequatur id reiciendis. Et et sunt sit quia saepe.',2,'2018-09-10 14:44:33','2018-09-10 14:44:33'),(269,38,'Eudora Bradtke','Error aspernatur est culpa iure sunt placeat. Laudantium consequatur ut laboriosam ipsam et. Iure ullam sit cumque ut ipsa voluptas impedit.',1,'2018-09-10 14:44:33','2018-09-10 14:44:33'),(270,36,'Prof. Gerard Yost','Dolor est soluta sint vel ut. Maxime consequatur quis eveniet occaecati veritatis. Libero blanditiis atque est corporis est. Beatae possimus quae iusto velit ut maiores.',4,'2018-09-10 14:44:33','2018-09-10 14:44:33'),(271,42,'Dr. Justyn Hills','Quod rerum dolorem doloribus est nostrum accusamus. Quo dicta autem beatae et et. Dolor quas ut aspernatur.',3,'2018-09-10 14:44:33','2018-09-10 14:44:33'),(272,66,'Florencio Veum','Ad natus eius hic earum. Officiis sunt quisquam corrupti fuga voluptatem sunt dolor. Excepturi aut voluptatem enim occaecati. Enim quia et magni eos explicabo. Qui sapiente laboriosam autem nihil reprehenderit veniam qui.',5,'2018-09-10 14:44:33','2018-09-10 14:44:33'),(273,51,'Polly VonRueden','Voluptas odit mollitia nemo autem deleniti. Dicta voluptatum officiis facere. In id doloribus cum rerum voluptate ex.',3,'2018-09-10 14:44:33','2018-09-10 14:44:33'),(274,35,'Golden Jacobi','Vitae quia aliquid aut reprehenderit velit autem explicabo. Error ullam et vel molestiae ipsa sint. Mollitia neque rem dolores nobis labore ducimus. Deleniti excepturi esse dignissimos laborum pariatur consequatur maiores.',0,'2018-09-10 14:44:33','2018-09-10 14:44:33'),(275,4,'Garfield Smitham','Sint dolor veritatis facilis cum. Vero non sed placeat.',2,'2018-09-10 14:44:33','2018-09-10 14:44:33'),(276,63,'Oren Crist Sr.','Et enim assumenda consequatur aut ea. Aut est quod repellat et nostrum tempora nobis. Omnis nemo ipsam corporis assumenda sit inventore. Ipsum laboriosam repellat animi sit possimus eaque.',2,'2018-09-10 14:44:33','2018-09-10 14:44:33'),(277,97,'Tiffany Nitzsche','Non aut aut et modi aut sed. Magni esse aut itaque et nostrum nemo. Eius magnam aut eveniet.',0,'2018-09-10 14:44:33','2018-09-10 14:44:33'),(278,46,'Mr. Leopoldo O\'Conner','Mollitia dolor inventore qui quod repellendus et dolor. Corporis sunt officia et excepturi ullam voluptatem. Qui quo consequatur quisquam molestiae qui sint.',4,'2018-09-10 14:44:33','2018-09-10 14:44:33'),(279,31,'Willard Muller','Aliquid vitae dignissimos eos ad dolores ut et quas. Qui blanditiis eveniet culpa. Amet dolor minima qui eos consequuntur sit dolorem.',2,'2018-09-10 14:44:33','2018-09-10 14:44:33'),(280,51,'Maci Cole Sr.','Sapiente consequatur occaecati aliquam voluptatem quos cumque perspiciatis. Maxime quod dicta voluptatem quam qui odit. Tempora est recusandae enim esse sapiente.',3,'2018-09-10 14:44:33','2018-09-10 14:44:33'),(281,8,'Liliane Thiel DVM','Porro iusto et ut vel id. Ex possimus velit dolorum. Repudiandae quam omnis cupiditate placeat vel velit possimus. Qui ut quod quaerat corporis rerum est.',5,'2018-09-10 14:44:33','2018-09-10 14:44:33'),(282,29,'Clementina Stokes','Alias tempora ut voluptas fugit officiis repellendus. Et ea deleniti minima non quo atque eum. Vel excepturi rerum repellat ratione esse.',5,'2018-09-10 14:44:33','2018-09-10 14:44:33'),(283,47,'Mariano Casper','Provident sint excepturi et. Voluptas perspiciatis ea eligendi itaque.',2,'2018-09-10 14:44:33','2018-09-10 14:44:33'),(284,17,'Skye Torphy','Impedit quisquam nihil reprehenderit esse nisi laborum. Earum reprehenderit nobis in vitae laborum. Numquam odio voluptates iste. Voluptatum et quia nihil. Atque ut perferendis laborum.',4,'2018-09-10 14:44:33','2018-09-10 14:44:33'),(285,26,'Fidel Walter','Perspiciatis pariatur sed aut ad sapiente id. Molestiae vel velit ea sint sunt. Ipsam maiores aspernatur voluptates tempore. Quaerat ducimus minus quasi eum facilis sint id.',0,'2018-09-10 14:44:33','2018-09-10 14:44:33'),(286,45,'Dr. Bud Hintz','Necessitatibus iure est sed et neque. Corrupti voluptate vitae porro nesciunt aliquam quo possimus consectetur. Tenetur provident tenetur non aut corrupti voluptas.',5,'2018-09-10 14:44:33','2018-09-10 14:44:33'),(287,41,'Dashawn Considine','Exercitationem sed voluptas labore ut unde est. Quis id tempora aspernatur recusandae. Voluptatem culpa doloremque exercitationem odit dolores voluptatem dicta dolores. Odio et et repellat nobis magni.',2,'2018-09-10 14:44:33','2018-09-10 14:44:33'),(288,77,'Libby Pouros','Incidunt dolor iure unde dolore occaecati eum. Sunt non aliquid recusandae. Id dolore expedita officiis consectetur ea tenetur esse.',5,'2018-09-10 14:44:33','2018-09-10 14:44:33'),(289,15,'Kyra Gislason','Aperiam ipsum voluptates blanditiis numquam esse. Sint consequuntur veritatis tenetur occaecati. Est distinctio libero earum architecto dolores quasi placeat sed. Quia quis rerum sint et.',1,'2018-09-10 14:44:34','2018-09-10 14:44:34'),(290,11,'Tremayne Leuschke','Ea non eum et ratione. Corporis magni culpa velit facere. Qui quia mollitia libero. Nobis non ratione est iusto quidem qui nulla. Inventore esse possimus nemo.',3,'2018-09-10 14:44:34','2018-09-10 14:44:34'),(291,40,'Fernando Bogan','Et nostrum labore autem corporis doloribus fuga aliquid est. Nostrum voluptate nam animi magnam minima odio dolores. Facere voluptatem corrupti ea doloribus ratione rerum.',1,'2018-09-10 14:44:34','2018-09-10 14:44:34'),(292,33,'Ona Ebert','Vel quibusdam laborum fugiat sapiente quasi facere et. Et est quod ut quia dignissimos et. Quis et ut quo.',5,'2018-09-10 14:44:34','2018-09-10 14:44:34'),(293,16,'Anibal Jacobi','Voluptate sint eius aut fuga fugit quos. Ex cupiditate veritatis veritatis dolores vitae esse. Distinctio nobis occaecati dolor. Tenetur perferendis eaque aut illum autem.',0,'2018-09-10 14:44:34','2018-09-10 14:44:34'),(294,32,'Michael Abbott','Exercitationem optio at non impedit quibusdam. Porro dolorem incidunt quia occaecati qui voluptatum a.',3,'2018-09-10 14:44:34','2018-09-10 14:44:34'),(295,61,'Jazmin Kulas','Facilis possimus qui ut ipsum sint. Perspiciatis voluptas velit voluptas quis eligendi. Ducimus odit eum officiis voluptas. A molestiae fuga modi et. Consequatur explicabo sit deserunt qui.',3,'2018-09-10 14:44:34','2018-09-10 14:44:34'),(296,40,'Hilton Wilderman MD','Repellendus qui non veritatis minus. Quas dicta quasi quia ut maxime. Corporis beatae odio tempora reprehenderit non. Voluptas earum delectus quisquam placeat qui.',3,'2018-09-10 14:44:34','2018-09-10 14:44:34'),(297,54,'Prince Leannon','Expedita occaecati autem qui consequatur in. Et ut et laudantium animi voluptas magni. Autem minima odit consequatur voluptatem repellendus. Magni aspernatur quasi accusamus repellendus.',0,'2018-09-10 14:44:34','2018-09-10 14:44:34'),(298,19,'Theresa Hoppe','Sint provident laborum illum aut error sit sit. Porro dolorem tempora ad excepturi ullam. Eos possimus quo quaerat fugit. Vel nisi itaque esse necessitatibus aut eos.',0,'2018-09-10 14:44:34','2018-09-10 14:44:34'),(299,51,'Dr. Meda Torphy','Iure consequatur blanditiis pariatur neque doloremque esse explicabo. Dolorem nihil voluptas dolorem ad ut. Aliquid accusantium dolorem nemo rerum sint.',5,'2018-09-10 14:44:34','2018-09-10 14:44:34'),(300,77,'Angelita Blanda MD','Autem consectetur voluptatum vel qui facere debitis. Distinctio vero voluptas voluptas quia. Aliquam consectetur sequi vero qui nesciunt.',1,'2018-09-10 14:44:34','2018-09-10 14:44:34');
/*!40000 ALTER TABLE `reviews` ENABLE KEYS */;
UNLOCK TABLES;

--
-- Table structure for table `users`
--

DROP TABLE IF EXISTS `users`;
/*!40101 SET @saved_cs_client     = @@character_set_client */;
/*!40101 SET character_set_client = utf8 */;
CREATE TABLE `users` (
  `id` int(10) unsigned NOT NULL AUTO_INCREMENT,
  `name` varchar(191) COLLATE utf8mb4_unicode_ci NOT NULL,
  `email` varchar(191) COLLATE utf8mb4_unicode_ci NOT NULL,
  `email_verified_at` timestamp NULL DEFAULT NULL,
  `password` varchar(191) COLLATE utf8mb4_unicode_ci NOT NULL,
  `remember_token` varchar(100) COLLATE utf8mb4_unicode_ci DEFAULT NULL,
  `created_at` timestamp NULL DEFAULT NULL,
  `updated_at` timestamp NULL DEFAULT NULL,
  PRIMARY KEY (`id`),
  UNIQUE KEY `users_email_unique` (`email`)
) ENGINE=InnoDB DEFAULT CHARSET=utf8mb4 COLLATE=utf8mb4_unicode_ci;
/*!40101 SET character_set_client = @saved_cs_client */;

--
-- Dumping data for table `users`
--

LOCK TABLES `users` WRITE;
/*!40000 ALTER TABLE `users` DISABLE KEYS */;
/*!40000 ALTER TABLE `users` ENABLE KEYS */;
UNLOCK TABLES;
/*!40103 SET TIME_ZONE=@OLD_TIME_ZONE */;

/*!40101 SET SQL_MODE=@OLD_SQL_MODE */;
/*!40014 SET FOREIGN_KEY_CHECKS=@OLD_FOREIGN_KEY_CHECKS */;
/*!40014 SET UNIQUE_CHECKS=@OLD_UNIQUE_CHECKS */;
/*!40101 SET CHARACTER_SET_CLIENT=@OLD_CHARACTER_SET_CLIENT */;
/*!40101 SET CHARACTER_SET_RESULTS=@OLD_CHARACTER_SET_RESULTS */;
/*!40101 SET COLLATION_CONNECTION=@OLD_COLLATION_CONNECTION */;
/*!40111 SET SQL_NOTES=@OLD_SQL_NOTES */;

-- Dump completed on 2018-09-10 14:56:48
